Action,portion_code,portiondesc,Active
,1000000,"cup, Better Cheddars",1
,1000100,"cup, Boston Baked Beans",1
,1000200,"cup, Cheez-its",1
,1001000,cup,1
,1001001,"cup, raw",1
,1001600,"cup, Teddy Grahams",1
,1001900,"cup, acorn",1
,1002100,"cup, balls",1
,1002300,"cup, bite size",1
,1002400,"cup, Nibs",1
,1002500,"cup, boneless",1
,1002600,"cup cooked, no bone",1
,1002700,"cup, butternut",1
,1002900,cup,1
,1002901,"cup, canned",1
,1003100,"cup, cherry tomatoes",1
,1003300,"cup, chicory",1
,1003400,cup,1
,1003500,cup,1
,1003600,cup,1
,1003601,"cup, chopped",1
,1003700,"cup, chopped or diced",1
,1003800,"cup, chopped or sliced",1
,1003900,"cup, chunks",1
,1004000,"cup, chunks or flakes",1
,1004100,"cup, coarse grain",1
,1004200,cup common guava,1
,1004300,cup,1
,1004301,"cup, cooked",1
,1004302,"cup, elbow",1
,1004303,"cup, rotini",1
,1004304,"cup, shells",1
,1004305,"cup, fusilli",1
,1004306,"cup, ziti",1
,1004900,cup,1
,1004901,"cup, cooked, diced",1
,1005100,"cup, cooked, flaked",1
,1005200,"cup, cooked, flaked and pieces",1
,1005700,"cup, corn nuts",1
,1005900,"cup, crumbled",1
,1006000,"cup, crumbs",1
,1006100,"cup, crushed",1
,1006200,"cup, crushed, sliced, or chunks",1
,1006300,"cup, cubes",1
,1006400,"cup, cubes, all varieties",1
,1006500,"cup, curls",1
,1006600,cup,1
,1006601,"cup, cooked, diced",1
,1006602,"cup, diced",1
,1006700,"cup, diced",1
,1006800,"cup, cooked, diced",1
,1006900,"cup, drained",1
,1007100,cup,1
,1007200,"cup, dry type",1
,1007500,"cup, endive",1
,1007600,"cup, escarole",1
,1007700,"cup, fine grain",1
,1007800,"cup, flaked",1
,1008000,"cup, flakes, dry",1
,1008100,"cup, flowerets",1
,1008200,cup,1
,1008500,"cup, cut stalks",1
,1008800,cup,1
,1009200,"cup, chopped",1
,1009400,"cup, leaves",1
,1009600,"cup, spears",1
,1009700,"cup, granules, dry",1
,1009800,"cup, grated",1
,1009900,"cup, ground",1
,1010500,"cup, halves",1
,1010501,cup,1
,1010600,"cup, halves and whole",1
,1010700,"cup, hearts",1
,1010800,"cup, homemade",1
,1010900,"cup, hubbard",1
,1011100,"cup, hulled",1
,1011200,"cup, husks",1
,1011300,"cup, in shell",1
,1011400,"cup, in shell (7 nuts)",1
,1011500,"cup, leaves only",1
,1011800,"cup, mashed",1
,1011900,"cup, mashed or pureed",1
,1012100,"cup, mixed greens",1
,1012300,"cup, morsels",1
,1012400,"cup, mung",1
,1012500,"cup, oyster crackers",1
,1012700,"cup, pared, chopped",1
,1012900,"cup, pieces",1
,1012901,cup,1
,1013000,"cup, pieces or slices",1
,1013001,"cup, sliced",1
,1013100,"cup, pieces, without seeds",1
,1013200,cup,1
,1013201,"cup, pitted",1
,1013300,"cup, pitted, chopped",1
,1013400,"cup, popped",1
,1014000,"cup, pureed",1
,1014100,"cup, quartered or chopped",1
,1014500,"cup, rings",1
,1014600,"cup, roasted",1
,1014700,"cup, romaine",1
,1014900,"cup, sauce",1
,1015000,"cup, sections",1
,1015100,"cup, seedless",1
,1015200,"cup, morsels",1
,1015300,"cup, shell removed",1
,1015400,"cup, shelled",1
,1015500,"cup, shelled (32 nuts)",1
,1015600,"cup, shelled (50 halves)",1
,1015900,"cup, shredded",1
,1016000,"cup, shredded or chopped",1
,1016100,"cup, sliced",1
,1016101,cup,1
,1016102,"cup, sliced stewed apples",1
,1016200,"cup, sliced or chopped",1
,1016300,"cup, sliced or cubed",1
,1016400,"cup, sliced, blanched",1
,1016500,"cup, sliced, unblanched",1
,1016600,"cup, slices",1
,1016700,"cup, slivered, blanched",1
,1016800,"cup, slivered, unblanched",1
,1016900,"cup, small pieces",1
,1017000,"cup, solid or chunks, drained",1
,1017100,"cup, solid pack",1
,1017200,"cup, drained",1
,1017300,"cup, soybean",1
,1017600,"cup, stalks and leaves",1
,1017700,cup,1
,1017800,cup strawberry guava,1
,1017900,"cup, strips",1
,1018000,"cup, slices",1
,1018100,cup,1
,1018101,"cup, sugar-coated",1
,1018500,"cup, thin sticks",1
,1018800,"cup, unpared, chopped",1
,1019000,"cup, wafer slices or shaved",1
,1019100,"cup, packed",1
,1019101,"cup, unpacked",1
,1019200,"cup, whole",1
,1019300,cup,1
,1019400,"cup, whole, blanched",1
,1019500,"cup, whole, unblanched",1
,1019600,"cup, with bones",1
,1019900,"cup, with hulls",1
,1020000,"cup, with pits",1
,1020001,cup,1
,1020100,"cup, with seeds",1
,1020500,cup,1
,1020501,cup (8 fl oz),1
,1020502,cup (drink box),1
,1020503,cup (school carton),1
,1020504,"cup, bridge mix",1
,1020505,"cup, candy corn",1
,1020506,"cup, Good & Plenty",1
,1020507,"cup, malted milk balls",1
,1020508,"cup, Mentos (75 pieces)",1
,1020509,"cup, mints",1
,1020510,"cup, pieces",1
,1020511,"cup, prepared",1
,1020512,cup (about 13 chips),1
,1020513,cup (about 51 chips),1
,1020514,"cup, regular or quick",1
,1020515,"cup, steel cut",1
,1020516,"cup, thawed",1
,1020517,"cup, seeds",1
,1020518,"cup, frozen",1
,1020700,"cup (1/2"" cubes)",1
,1020900,cup (17 chestnuts),1
,1021000,cup,1
,1021100,cup,1
,1021200,cup (8 medium clams),1
,1021500,cup,1
,1021600,cup (12 medium clams),1
,1021700,cup (84 Junior Mints),1
,1021800,cup,1
,1022000,"cup, pieces",1
,1022500,"cup, cheese balls",1
,1022600,cup Ritz Bits sandwiches,1
,1022700,"cup, Teddy Graham Bearwich",1
,1022800,"cup, bite size",1
,1022900,"cup butter- or barbecue-flavored, popped",1
,1023000,"cup cheese- or sour cream and onion-flavored, popped",1
,1023400,"cup, miniatures",1
,1023500,"cup, popped",1
,1023600,"cup, spoon size biscuits",1
,1023700,"cup, liquid and clams",1
,1023800,cup,1
,1024700,"cup, chips (1 oz)",1
,1024900,cup,1
,1030500,"cup, Chex Party Mix",1
,1030600,"cup, Pepperidge Farm Snack Mix",1
,1030700,"cup, goldfish",1
,1031400,"cup, baby carrots",1
,1031700,cup,1
,1031800,cup pa-tsai,1
,1031900,cup pak-choi,1
,1032400,"cup, curly fries (10 fries)",1
,1032500,"cup, Snackwell's",1
,1032600,"cup, Wheat Thins",1
,1032700,"cup, Wheatables",1
,1033200,"cup, Fundamiddles",1
,1033700,"cup, mini chips",1
,1033900,"cup, creamed",1
,1034000,"cup, crisps",1
,1034200,"cup, refried beans",1
,2100000,tablespoon,1
,2100001,"tablespoon, tiny pieces",1
,2100002,"tablespoon, shredded",1
,2100003,"tablespoon, ground",1
,2100004,"tablespoon, pieces",1
,2100005,"tablespoon, chopped",1
,2100006,"tablespoon, crumbled",1
,2100007,"tablespoon, chopped",1
,2100008,"tablespoon, drained",1
,2100009,"tablespoon, whole",1
,2100010,"tablespoon, flaked",1
,2100011,cinnamon stick,1
,2100012,"tablespoon, packed",1
,2100013,"tablespoon, unpacked",1
,2100200,tablespoon,1
,2100500,"tablespoon, whipped",1
,2100800,tablespoon Butter Buds,1
,2100900,tablespoon,1
,2101000,tablespoon Molly McButter,1
,2200000,teaspoon,1
,2200001,dash (1/16 of a teaspoon),1
,2200002,"teaspoon, morsels",1
,2200003,"teaspoon, ground",1
,2200004,"teaspoon, whole",1
,2200005,"teaspoon, minced",1
,2200006,"teaspoon, crumbled",1
,2200007,"teaspoon, chopped",1
,2200200,"teaspoon, brownulated",1
,2200400,"teaspoon, packed",1
,2200500,"teaspoon, unpacked",1
,3000000,fluid ounce(s),1
,3000100,fluid ounce (no ice),1
,3000101,fluid ounce(s),1
,4000000,ounce(s),1
,4000001,ounce (about 10 nuts),1
,4000002,"ounce(s), cooked",1
,4000003,"ounce(s), raw",1
,4000004,"ounce(s), uncooked",1
,4000100,ounce (11 nuts),1
,4000200,ounce (14 halves),1
,4000400,"ounce(s), hulled",1
,4000500,ounce (18 nuts),1
,4000700,ounce (20 halves),1
,4000800,ounce (20 almonds),1
,4000900,ounce (22 almonds),1
,4001100,ounce (3 chestnuts),1
,4001200,ounce (35 nuts),1
,4001300,ounce (8 halves),1
,4001500,"packet dry mix, prepared with water",1
,4001700,"ounce(s), boneless",1
,4001701,ounce(s),1
,4001800,"ounce(s) cooked, no bone",1
,4001801,"ounce(s), cooked",1
,4001802,"ounce(s), cooked, boneless",1
,4002300,"ounce(s) cooked, no bone",1
,4002301,ounce(s) cooked,1
,4002400,"ounce(s) cooked, no bone",1
,4002401,ounce(s) cooked,1
,4002600,"ounce(s), boneless, dried",1
,4002700,"ounce(s), boneless, raw",1
,4004000,ounce(s) cooked,1
,4004001,ounce(s),1
,4004400,"ounce(s), dried, soaked in water",1
,4005100,"ounce(s), in shell",1
,4005101,"ounce(s), in shell (23 peanuts)",1
,4005102,"ounce(s), shucked",1
,4005103,"ounce(s), crab meat",1
,4006300,"ounce(s), shelled",1
,4006301,"ounce(s), shelled (32 peanuts)",1
,4007200,"ounce(s) with bone, cooked",1
,4008800,"ounce(s), with hulls",1
,4009300,"ounce(s), cooked",1
,4009301,"ounce(s), without shell",1
,4009400,"ounce(s), cooked",1
,4009401,"ounce(s), cooked, without shell",1
,4009402,"ounce(s), without shell",1
,5100000,inch cube,1
,5101000,1 inch piece,1
,6000100,"mini ""drummette""",1
,6000200,supersize fast food order,1
,6000300,bacon cheeseburger,1
,6000400,cheeseburger,1
,6000500,hamburger,1
,6000600,1-inch stack,1
,6000700,1-inch stack (approx 14 chips),1
,6001600,package (10 oz),1
,6001601,bag (16 oz),1
,6001700,can (12 oz),1
,6001800,can (14 oz),1
,6002100,"can (16 oz), drained",1
,6002200,can (17 oz),1
,6002201,can (30 oz),1
,6002202,can (21 oz),1
,6002203,can (20 oz),1
,6002204,can (11 oz),1
,6002205,can (15.75 oz),1
,6002206,can,1
,6002300,can (2 oz),1
,6002400,"cookie (2-1/4"" across)",1
,6003100,3 Musketeers Bar,1
,6003200,3 Musketeers Bar (2 fl oz),1
,6003300,3 Musketeers snack size bar,1
,6003900,container (6 oz),1
,6003901,container (5.3 oz),1
,6004000,container (8 oz),1
,6004001,container (15 oz),1
,6004002,container (16 oz),1
,6004100,package (8 oz),1
,6004101,"package (8.5 oz), precooked",1
,6004200,Act II pop and serve bag,1
,6004300,Arby's Beef 'N Cheddar,1
,6004400,Arby's Beef 'N Swiss,1
,6004500,Arby's Hot Ham and Cheese sandwich,1
,6004600,Arby's Junior Roast Beef Sandwich,1
,6004700,Arby's Philly Beef 'N Swiss,1
,6004800,Arby's Turkey Club,1
,6004900,Arby's Regular Roast Beef Sandwich,1
,6005100,Armour meal (11 oz),1
,6005200,Arrowroot biscuit or cookie,1
,6005300,Bagel Bite,1
,6005600,Banquet meal (16.5 oz),1
,6005800,bar,1
,6005900,Betty Crocker's Light Microwave Pop and Serve bag,1
,6006000,king size bar (2.2 oz),1
,6006001,bar (2.2 oz),1
,6006100,Boston Popcorn Company Lite Popcorn bag (7 oz),1
,6006200,Budget Gourmet meal (10 oz),1
,6006400,Burger King Double Beef Whopper with cheese,1
,6006600,Burger King Hot Ham and Cheese sandwich,1
,6006700,Burger King sandwich,1
,6006800,Burger King Whopper,1
,6006900,Burger King Whopper Jr,1
,6007000,Buster bar,1
,6007100,Cadbury Mini Egg,1
,6007300,Calizza,1
,6007800,Chipwich,1
,6007900,Choco Taco,1
,6008200,Col Crunch Sundae on a stick,1
,6008800,Dole Fruit 'N Juice Bar (2.5 fl oz),1
,6008900,Dole Fruit and Cream Bar (2.5 fl oz),1
,6009100,cone,1
,6009200,"Dutch pretzel, 3-ring (2-3/4"" x 2-5/8"" x 5/8"")",1
,6009300,E.L. Fudge (Elfin),1
,6009400,Eskimo Pie Sandwich,1
,6009600,bar (1 oz),1
,6009700,Figaroo (2 square halves),1
,6009800,Flintstone push-up (2.75 fl oz),1
,6009900,French bread pizza,1
,6010000,FrozFruit Cream Bar (4 fl oz),1
,6010100,Frozfruit Bar (4 fl oz),1
,6010200,"fruit (1"" across)",1
,6010400,Garden Gourmet Fettuccine Primavera (9.5 oz),1
,6010500,Pepperidge Farm Geneva,1
,6010900,Great Starts sandwich (4.2 oz),1
,6011000,Great Starts sandwich (4.4 oz),1
,6011100,Great Starts sandwich (5.2 oz),1
,6011200,Great Starts sandwich (6.2 oz),1
,6011300,Haagen-Dazs bar,1
,6011700,Hardee's hamburger,1
,6011800,Hardee's Mushroom and Swiss Burger,1
,6011900,Hardee's Roast Beef Sandwich,1
,6012000,Hardee's Roast Beef Supreme,1
,6012100,Hardee's sandwich,1
,6012200,can (14.2 oz),1
,6012201,can (15.2 oz),1
,6012202,"can (20 oz), drained",1
,6012203,can (13.75 oz),1
,6012206,"can (15.2 oz), drained",1
,6012207,can (14.75 oz),1
,6012208,can (13.5 oz),1
,6012400,Hardee's muffin,1
,6012500,Harvest Wheat cracker,1
,6012800,Healthy Choice meal (8.5 oz),1
,6012900,Healthy Choice meal (9.0 oz),1
,6013000,Heath bar,1
,6013100,bar,1
,6013200,Hostess Lights Cake with Creamy Filling,1
,6013300,Hostess Lights Cake with Fruit Filling,1
,6013400,Hostess Twinkies Lights,1
,6013600,Hot Pocket,1
,6013700,Hot Pockets Beef & Cheddar,1
,6013800,Hot Pockets Ham 'n Cheese,1
,6013900,Hot Pockets Pepperoni Pizza,1
,6014000,Hot Pocket Sausage Pizza,1
,6014100,Italian or plum tomato,1
,6014300,Jack-in-the-Box Bonus-Jack hamburger,1
,6014400,Jack-in-the-Box Cheeseburger Deluxe,1
,6014500,Jack-in-the-Box Chicken Pita Pocket sandwich,1
,6014800,Jack-in-the-Box Grilled Sour Dough Burger,1
,6014900,Jack-in-the-Box Hamburger Deluxe,1
,6015000,Jack-in-the-Box Jumbo Jack hamburger,1
,6015100,Jack-in-the-Box Jumbo-Jack Hamburger with cheese,1
,6015300,Jack-in-the-Box Sirloin Cheesesteak,1
,6015400,Jack-in-the-Box sandwich,1
,6015401,Jack-in-the-Box Ultimate cheeseburger,1
,6015500,Jack-in-the-Box cheeseburger,1
,6015600,Jack-in-the-Box sandwich,1
,6015700,"Jenny Craig pouch (6 oz), prepared",1
,6015800,bar (1 oz),1
,6015900,Jenny's Cuisine Pizza Puff,1
,6016000,bar (1.6 oz),1
,6016100,"Jenny's Cuisine envelope (1 oz), prepared",1
,6016200,Jimmy Dean Chicken Biscuit,1
,6016300,Jimmy Dean MiniBurger,1
,6016400,Jimmy Dean sandwich,1
,6016600,Kentucky Fried Chicken Chicken Little,1
,6016700,Klondike Krispy bar,1
,6017000,Kraft meal (9 oz),1
,6017100,Krunch Twist,1
,6017300,bar (1.2 oz),1
,6017400,Le Menu meal (10.25 oz),1
,6017800,Lean Cuisine meal (11 oz),1
,6017900,Lean Cuisine meal (11.25 oz),1
,6018100,Life Savers Flavor Pops,1
,6018300,Light Eskimo Pie bar,1
,6018400,Light and Elegant meal (11.25 oz),1
,6018500,Little Debbie Cookie Bar,1
,6018600,Little Debbie Fudge Crispy Bar,1
,6018700,Little Debbie Nutty Bar,1
,6018800,McDonald's Quarter-Pounder,1
,6018900,McDonald's Quarter Pounder with cheese,1
,6019000,McDonald's Big Mac,1
,6019300,McDonald's Double cheeseburger,1
,6019400,McDonald's hamburger,1
,6019500,McDonald's McChicken sandwich,1
,6019700,McDonald's cheeseburger,1
,6019900,McDonald's salad dressing packet,1
,6020000,McDonald's steak biscuit,1
,6020200,Mickey Mouse bar,1
,6020400,Morton Salisbury Steak Dinner (11.25 oz),1
,6020600,Mott's fruit pak (3.75 oz),1
,6020700,Mrs. Paul's Apple Fritter,1
,6020800,Mug-O-Lunch,1
,6020900,Nachos Supreme,1
,6021000,Napoleon,1
,6021100,Nassau,1
,6021300,New Trail,1
,6021400,NuSystem package (.9 oz),1
,6021500,Nutri System packet (1 oz),1
,6021600,Nutri System packet with 8 fl oz water,1
,6021700,bar (1.1 oz),1
,6021701,bar (1.3 oz),1
,6021800,Nutty Buddy,1
,6021900,Oreo mini sandwich,1
,6022000,Oreo,1
,6022100,Orville Redenbacher's Light Microwave pop and serve bag,1
,6022200,Orville Redenbacher's pop and serve bag,1
,6022300,Pacific crab,1
,6022400,"Pacific cod fillet (6"" x 2-1/2"" x 3/8"")",1
,6022500,"Pacific cod fillet (6-1/4"" x 3"" x 3/8"")",1
,6022600,Pepperidge Farm Cappucino,1
,6022700,Pepperidge Farm Chocolate Chunk Pecan Cookie,1
,6022900,"Pepperidge Farm Distinctive Chantilly (about 2"" across)",1
,6023000,Pepperidge Farm Lido,1
,6023100,Petit Four,1
,6023200,Pillsbury microwave pop and serve bag,1
,6023300,bottle,1
,6023400,Pop tart,1
,6023800,Quaker Oats or Nature Valley bar,1
,6023900,Quaker Oats or Nature Valley bar,1
,6024100,Rax Roast Beef Sandwich,1
,6024200,bar,1
,6024500,Ritz Bits sandwich,1
,6024600,Ritz,1
,6024700,Rondo,1
,6024800,Roy Rogers Double R Bar Burger,1
,6024900,Roy Rogers Kid's Meal cheeseburger,1
,6025000,Roy Rogers Kid's Meal hamburger,1
,6025100,Roy Rogers Roast Beef Sandwich,1
,6025200,Roy Rogers bacon cheeseburger,1
,6025400,Roy Rogers hamburger,1
,6025500,Sara Lee Apple,1
,6025600,Sara Lee Cinnamon-Nut-Raisin,1
,6025700,Sara Lee Strawberry,1
,6025800,Shaklee packet,1
,6026000,bar,1
,6026100,Stouffer's meal (10.5 oz),1
,6026200,Stouffer's meal (9.5 oz),1
,6026400,Stouffer's meal (6.875 oz),1
,6026500,Suddenly S'mores cookie,1
,6026600,bar or stick (2.5 fl oz),1
,6027100,Swanson Salisbury Steak Dinner (11 oz),1
,6027400,Swanson meal (11 oz),1
,6028000,Taco Bell chicken taco,1
,6028200,Taco Bell Soft Taco Supreme,1
,6028300,Tastykake Oatmeal Raisin Bar,1
,6028400,Teddy Graham Bearwich,1
,6028500,"pizza (9"" across)",1
,6028501,"pizza (12"" across)",1
,6028502,"pizza (13"" across)",1
,6028503,"pizza (14"" across)",1
,6028504,"pizza (16"" across)",1
,6028505,"pizza crust (12"" across)",1
,6028506,"pizza crust (16"" across)",1
,6028600,Triscuit,1
,6028601,cracker,1
,6029200,"Under Cover Bears packet, prepared",1
,6029400,Weight Watchers pizza,1
,6029600,Weight Watchers Treat Bar,1
,6029700,Weight Watchers entr?e,1
,6029900,Weight Watchers meal (11 oz),1
,6030100,Wendy's Chicken Club,1
,6030200,Wendy's Kid's Meal hamburger,1
,6030300,Wendy's Kid's meal cheeseburger,1
,6030400,Wendy's sandwich,1
,6030500,Wendy's Single hamburger,1
,6030600,Wendy's bacon cheeseburger,1
,6030700,Wendy's cheeseburger,1
,6030800,Wheat Thin,1
,6030900,Wheatable,1
,6031100,Wheatsworth,1
,6031200,White Castle Miniature,1
,6031400,akule fillet,1
,6031500,almond,1
,6031800,apple,1
,6031900,apple with liquid,1
,6032000,apricot,1
,6032100,apricot half,1
,6032200,apricot half with liquid,1
,6032300,"apricot, whole",1
,6032400,California avocado (black skin),1
,6032500,Florida avocado (green skin),1
,6032700,baby carrot(s),1
,6032800,baby ear(s),1
,6033000,bag (2.7 oz),1
,6033001,bag (3 oz),1
,6033100,bag (1.5 oz),1
,6033200,bag (2 oz),1
,6033201,bag (11 oz),1
,6033202,bag (12 oz),1
,6033203,bag (10 oz),1
,6033400,bag Cadbury Mini Eggs (1.5 oz),1
,6033600,chip,1
,6033800,ball,1
,6033801,codfish ball,1
,6033802,malted milk ball,1
,6034000,"banana (4"" x 1-1/2"" x 1-1/2"")",1
,6034100,"banana (7-1/4"" long)",1
,6034300,banana,1
,6034400,banana split,1
,6034500,bar,1
,6034501,bar (.8 oz),1
,6034502,bar (1.2 oz),1
,6034503,bar (1.3 oz),1
,6034504,bar (1.4 oz),1
,6034505,bar (1.5 oz),1
,6034506,bar (1.6 oz),1
,6034507,bar (2.1 oz),1
,6034508,bar (2.8 oz),1
,6034509,bar (3 fl oz),1
,6034510,bar (2.5 fl oz),1
,6034511,bar (1.75 fl oz),1
,6035200,bar (1.2 oz),1
,6036000,bar (1.4 oz),1
,6036100,bar (1.5 oz),1
,6036200,bar (1.5 oz),1
,6036300,bar (1.6 oz),1
,6036600,bar,1
,6036700,bar (1.7 oz),1
,6036701,bar (1.8 oz),1
,6036800,bar (1.8 oz),1
,6037100,bar (1.9 oz),1
,6037200,bar (1.9 oz),1
,6037300,bar (1.9 oz),1
,6037400,bar (2 oz),1
,6037500,"bar (2"" square, 1-1/8"" high)",1
,6037600,"bar (2-1/4"" x 1-1/2"" x 3/4"")",1
,6037700,bar (2.1 oz),1
,6037900,bar (2.1 oz),1
,6038000,bar (2.2 oz),1
,6038500,bar,1
,6038501,bar (3 fl oz),1
,6038600,"bar (3"" long)",1
,6038800,bar (5 oz),1
,6039600,barbecue sandwich,1
,6039700,barrel-shaped candy,1
,6039900,"beet (2"" across)",1
,6040000,berry,1
,6040100,bierock or turnover,1
,6040200,"big cookie (3-1/2"" - 4"" across)",1
,6040300,"big cookie (3-1/2"" - 4"" across)",1
,6040400,"big cookie (approx 3-1/2"" - 4"" across)",1
,6040600,biscuit,1
,6040700,"biscuit (2"" across)",1
,6040800,"biscuit (2"" across) with fruit",1
,6040900,"biscuit (2"" across) with fruit and whipped cream",1
,6041000,"biscuit (2-1/4"" across)",1
,6041100,"biscuit (3"" across)",1
,6041200,"biscuit (4"" across)",1
,6041300,bite size,1
,6041301,minis bar,1
,6041400,bite size,1
,6041600,bite size Teddy Graham,1
,6041700,blintz,1
,6041900,bon-bon,1
,6042000,bottle (10 fl oz),1
,6042100,bottle (11 fl oz),1
,6042200,bottle (12 fl oz),1
,6042300,bottle (12.6 fl oz),1
,6042400,can (16 fl oz),1
,6042401,can or bottle (16 fl oz),1
,6042600,bottle (9 fl oz),1
,6043300,box (1.3 oz),1
,6043600,"box (1.6 oz), Junior Mints",1
,6043900,box (1.8 oz),1
,6044300,box (2.25 oz),1
,6044900,whole breast,1
,6045000,whole breast,1
,6045001,whole bird,1
,6045400,"brownie (2"" square)",1
,6045900,Peeps bunny or chicken,1
,6046000,burrito,1
,6046100,butter cream,1
,6046200,cabbage roll,1
,6046300,cake,1
,6046301,codfish cake,1
,6046302,regular cake,1
,6046500,"cake (3"" across) with fruit",1
,6046600,"cake (3"" across) with fruit and whipped cream",1
,6046900,"cake (6"" across)",1
,6047900,cake or patty,1
,6048100,calzone or stromboli,1
,6048200,can (11.7 fl oz),1
,6048201,can (16 fl oz),1
,6048202,can (8 fl oz),1
,6048203,can (8.3 fl oz),1
,6048204,can (6 fl oz.),1
,6048700,can (10 fl oz),1
,6048900,"can (10.5 oz), prepared",1
,6048901,"can (10.75 oz), prepared",1
,6048902,"can (10.5 oz), undiluted",1
,6048903,can (14.5 oz),1
,6048904,"can (14.5 oz), drained",1
,6049000,"can (10.5 oz), ready-to-serve",1
,6049100,"can (4.5 oz.), chopped",1
,6049110,"can (4 oz.), diced",1
,6049120,"can (4 oz.), whole",1
,6049200,"can (10.75 oz), ready-to-serve",1
,6049201,"can (10.75 oz), undiluted",1
,6049300,"can (10.75 oz), prepared",1
,6049400,"can (10.75 oz), ready-to-serve",1
,6049500,can (10.75 oz),1
,6049510,can (10 oz.),1
,6049600,can (11 fl oz),1
,6049700,"can (11 oz), prepared",1
,6049800,"can (11 oz), undiluted",1
,6049900,"can (11.25 oz), prepared",1
,6050000,"can (11.25 oz), prepared",1
,6050100,can (12 fl oz),1
,6050101,can or bottle (12 fl oz),1
,6050200,can (12 oz),1
,6050300,"can (12 oz), drained",1
,6050400,"can (12 oz), oysters and liquid",1
,6050500,can  (12.5 fl oz),1
,6050600,"can (12.5 to 13 oz), drained",1
,6050800,"can (13 oz), drained",1
,6050900,"can (13 oz), ready-to-eat",1
,6051000,can (14 oz),1
,6051100,"can (15 oz), drained",1
,6051200,can (15.5 oz),1
,6051300,"can (18.75 oz), ready-to-serve",1
,6051400,"can (19 oz), ready-to-serve",1
,6051500,"can (19 oz), ready-to-serve",1
,6051600,"can (19.25 oz), ready-to-serve",1
,6051700,"can (2 oz), drained",1
,6051900,"can (3.75 oz), drained",1
,6052000,can (4 oz),1
,6052100,"can (4.375 oz, 4 sardines), drained",1
,6052500,can (5 oz),1
,6052800,"can (6.5 oz), drained",1
,6052801,can (6.5 oz),1
,6052900,"can (7.25 oz), ready-to-serve",1
,6053000,can (7.5 oz),1
,6053100,can (8 fl oz),1
,6053200,"can (8 oz), solids and liquids",1
,6053201,can (8 oz),1
,6053300,can or bottle (12 fl oz),1
,6053600,candy cane,1
,6053700,"canned potato (approx 1"" across)",1
,6053800,cannelloni,1
,6053900,carafe,1
,6054000,carton (12 fl oz),1
,6054100,"carton (7.5 fl oz), prepared",1
,6054200,"carton (8 fl oz), prepared",1
,6054300,"fillet (5"" x 2-1/2"" x 3/8"")",1
,6054500,chalupa,1
,6054700,cheeseburger,1
,6054800,cheeseburger with ham,1
,6055000,cherry tomato,1
,6055001,chocolate covered cherry,1
,6055002,cherry,1
,6055100,cherry pepper,1
,6055700,chicken back with sauce,1
,6055900,chicken drumstick with sauce,1
,6055901,drumstick with sauce,1
,6056000,chicken heart,1
,6056200,chicken leg (drumstick and thigh) with sauce,1
,6056201,leg (drumstick and thigh) with sauce,1
,6056400,chicken thigh with sauce,1
,6056401,thigh with sauce,1
,6056600,chicken wing with sauce,1
,6056601,chicken wing,1
,6056602,wing with sauce,1
,6056700,chili,1
,6056800,chiliburger,1
,6056900,chimichanga,1
,6057000,chip(s),1
,6057400,chocolate-coated or chocolate striped,1
,6057500,chop,1
,6057600,chunk,1
,6057700,chunk with liquid,1
,6057800,churro,1
,6058000,clam,1
,6058100,clove,1
,6058300,cocktail,1
,6058400,cocktail frank,1
,6058500,cocktail meatball,1
,6058600,cocktail size,1
,6058800,coffee cup (6 fl oz),1
,6058900,cone,1
,6058901,"cone, cotton candy",1
,6059000,cone and double dip,1
,6059100,cone and double dip,1
,6059200,cone and single dip,1
,6059300,cone and single dip,1
,6059700,fast food container,1
,6059900,cookie,1
,6060000,"cookie (2"" across)",1
,6060200,"cookie (2-1/2"" across)",1
,6060400,cordial glass,1
,6060500,medium,1
,6060600,cottontail rabbit,1
,6060800,crabapple,1
,6060900,cracker,1
,6060901,cracker or wheat wafer,1
,6061100,"cracker (2-1/2"" x 2"" x 1/4"")",1
,6061200,"crispbread (3-1/2"" x 1-7/8"" x 1/4"")",1
,6061300,"cracker (4-1/2"" x 2-1/2"" x 1/8"")",1
,6061400,"cracker (5"" x 2"")",1
,6061500,regular cracker (various shapes),1
,6061600,cracker,1
,6061700,crayfish,1
,6061800,cream horn,1
,6061900,cream pop (about 2 oz),1
,6062000,cream puff,1
,6062100,"cream puff (3-1/2"" x 2"")",1
,6062200,"crepe (10"" across)",1
,6062300,"crepe (7"" across)",1
,6062400,"crepe (8"" across)",1
,6062500,"crepe (9"" across)",1
,6062600,crepe with filling,1
,6062700,"crepe with filling, no sauce",1
,6062800,"crepe with filling, with sauce",1
,6062900,crepe with sauce,1
,6063000,crescent biscuit,1
,6063100,crescent roll,1
,6063200,crisp,1
,6063400,crispbread,1
,6063500,"fillet (5-1/4"" x 2"" x 3/8"")",1
,6063600,sandwich,1
,6063601,croissant,1
,6063700,croquette,1
,6063800,croquette,1
,6064000,"cruller (3-1/4"" across)",1
,6064100,cube,1
,6064101,small cube,1
,6068000,"cupcake (2-3/4"" across)",1
,6068100,custard cup,1
,6068200,cutlet or steak,1
,6068201,turkey cutlet,1
,6068400,date,1
,6068500,deli slice (1 oz),1
,6068600,diet slice,1
,6068700,dim sum,1
,6068800,single-serve cup (3.5 fl oz),1
,6068900,double bacon cheeseburger,1
,6069000,double cheeseburger,1
,6069100,double hamburger,1
,6069200,double stick,1
,6069300,doughnut,1
,6069400,"doughnut (3-1/4"" across)",1
,6069500,"medium (3"" across)",1
,6069600,doughnut hole,1
,6069700,stick,1
,6069800,dove,1
,6069900,drink,1
,6070100,drink (5 fl oz),1
,6070200,drink,1
,6070300,drop,1
,6070400,dumpling,1
,6070500,ear,1
,6070600,Eastern oyster,1
,6070700,Eastern oyster,1
,6070800,"eclair (5"" x 2"" x 1-3/4"")",1
,6070900,"eclair, frozen",1
,6071000,egg,1
,6071001,malted milk egg,1
,6071100,egg (.5 oz),1
,6071200,egg (1 oz),1
,6072000,egg roll,1
,6072100,egg,1
,6072200,"egg, hollow (2"" x 1"")",1
,6072300,"egg, solid (1"" x 1/2"")",1
,6072800,empanada,1
,6073000,enchilada,1
,6073300,entree (9.1 oz),1
,6073400,envelope (.71 oz),1
,6073401,envelope (1.3 oz),1
,6073600,envelope,1
,6073900,envelope (1.25 oz),1
,6074100,envelope Alba (.675 oz),1
,6074200,envelope (.75 oz),1
,6074300,envelope Swiss Miss (.53 oz),1
,6074500,envelope Nutri System Shake Mix (.64 oz),1
,6074600,envelope (.18 oz),1
,6074800,espresso cup (2 fl oz),1
,6074900,extra large egg(s),1
,6074901,extra large,1
,6075000,"extra large (1-5/8"" across)",1
,6075200,"extra large (5"" across)",1
,6075300,"extra large bar (32 squares, 8 oz)",1
,6075400,extra large egg(s),1
,6075401,extra large,1
,6075402,portion with 1 extra large egg,1
,6075500,"extra large muffin (3-1/2"" across)",1
,6075600,"extra large stick (6-1/2"" long)",1
,6075900,extra-large shrimp,1
,6076100,fast food order,1
,6076101,restaurant order,1
,6076200,fast food package,1
,6076300,fig,1
,6076400,fig with liquid,1
,6076600,"fillet (4-3/8"" x 1-3/4"" x 1/4"")",1
,6076700,"fillet (5"" x 2-1/2"" x 3/8"")",1
,6076800,"fillet (5-1/4"" x 2"" x 3/8"")",1
,6076900,"fillet (6"" x 2-1/2"" x 3/8"")",1
,6077000,"fillet (6-1/2"" x 4"" x 3/8"")",1
,6077100,"fillet (6-1/4"" x 2-1/2"" x 3/8"")",1
,6077300,"fillet (6-1/4"" x 3-1/2"" x 3/4"")",1
,6077400,"fillet (6-1/4"" x 3-1/2"" x 3/8"")",1
,6077600,"fillet (6-1/4"" x 4"" x 3/8"")",1
,6077700,"fillet (7-1/4"" x 4-1/4"" x 3/8"")",1
,6077900,sandwich,1
,6078100,flauta,1
,6078200,floweret,1
,6078400,foot,1
,6078500,foot long frankfurter roll,1
,6078700,footlong frank,1
,6078900,frankfurter,1
,6079300,frankfurter with cheese on bun,1
,6079400,hot dog with chili,1
,6080000,fritter,1
,6080100,"fritter (1-1/4"" across)",1
,6080200,"fritter (2"" across)",1
,6080300,"fritter (2"" long)",1
,6080400,"fritter (2-1/2"" long x 1-5/8"" wide)",1
,6080600,"fritter (2-1/2"" x 2-1/2"" x 1/4"")",1
,6080800,"fritter (3"" x 3"" x 1/2"")",1
,6080900,"fritter (3-1/2"" x 3-1/2"")",1
,6081200,frozen slice,1
,6081300,kiwi,1
,6081301,passion fruit,1
,6081302,peach,1
,6081303,pear,1
,6081305,cherry,1
,6081398,watermelon,1
,6081399,pineapple,1
,6081400,"fruit (2"" across)",1
,6081500,"nectarine (2-1/2"" across)",1
,6081600,"fruit (2-1/8"" across)",1
,6081700,"fruit (2-3/8"" across)",1
,6082100,fudge stick,1
,6082200,fun size bar,1
,6082201,fun size bar (0.6 oz),1
,6082300,fun size package,1
,6082301,fun size package (.7 oz),1
,6082700,chicken gizzard,1
,6082800,turkey gizzard,1
,6082900,gold fish,1
,6083300,"grape, seedless",1
,6083400,"grape, with seeds",1
,6083500,green banana,1
,6083600,common guava,1
,6083700,strawberry guava,1
,6083800,gyro,1
,6083900,half,1
,6083901,peach half,1
,6083902,pear half,1
,6083903,apricot half,1
,6084000,half with liquid,1
,6084100,"hallaca (5-3/4"" x 2-1/2"" x 1/2"")",1
,6084200,ham and cheese muffin,1
,6084300,ham hock,1
,6084400,hamburger,1
,6084500,hamburger or sandwich roll,1
,6084700,hamburger or hot dog bun,1
,6085200,heart,1
,6085300,"heart (3-1/4"" long)",1
,6085400,hen (1-1/4 lb),1
,6085500,hen (1-1/4 lb),1
,6085700,"homemade S'mores (2-3/8"" x 2-3/8"")",1
,6086000,hush puppy,1
,6086100,Ice cream nugget,1
,6086300,individual box (2 oz),1
,6086400,individual cake,1
,6086500,"individual cake (3-1/2"" x 3-1/2"" x 1"")",1
,6086600,individual cake,1
,6086700,individual cheesecake,1
,6086800,individual container,1
,6086801,teaspoon (individual container),1
,6086900,individual container,1
,6087000,"individual dessert shell or shortcake (3"" across)",1
,6087100,individual loaf,1
,6087200,individual package,1
,6087400,"individual package (2 oz package with 2 3"" bars)",1
,6087500,"individual package (two 3-1/4"" bars)",1
,6087600,individual packet,1
,6087700,individual pie,1
,6087800,individual quiche,1
,6087900,individual portion,1
,6088300,"injera (12"" across)",1
,6089400,jar (5 oz),1
,6089401,jar (24 oz),1
,6089402,jar (45 oz),1
,6089411,jar (16 oz.),1
,6089412,jar (26 oz.),1
,6089413,jar (28 oz.),1
,6090500,jigger (1.5 fl oz),1
,6090600,jumbo egg(s),1
,6090700,"jumbo (6"" across)",1
,6090800,jumbo egg(s),1
,6090900,jumbo link,1
,6091000,jumbo shell,1
,6091100,jumbo shrimp,1
,6091200,beef kidney,1
,6091300,king crab leg,1
,6091400,King size bar (4 oz),1
,6091600,knish,1
,6091700,"fruit (1"" across)",1
,6091800,"ladyfinger (3"" x 1-1/8"" x 1"")",1
,6091900,large,1
,6091901,large (19 fl oz),1
,6091902,large (20 fl oz),1
,6091903,large (5 oz),1
,6091904,large clam,1
,6091905,large egg(s),1
,6091906,large potato,1
,6091907,large shake (30 fl oz),1
,6092000,"large (1"" to 1-1/4"" across)",1
,6092100,"large (1-3/8"" across)",1
,6092200,"large (11-1/2"" long)",1
,6092400,"biscuit (2-1/2"" across)",1
,6092401,"large (2-1/2"" across)",1
,6092500,"large (2-1/4"" x 1-1/4"" x 3/4"")",1
,6092600,"large (2-3/4"" across)",1
,6092800,"large (3-3/4"" long, 3"" across)",1
,6092900,"large whole (3"" across)",1
,6093000,"large (3"" to 4-1/4"" across)",1
,6093200,"large (3-1/16"" across)",1
,6093300,"large (3-1/2"" to 4"" across)",1
,6093400,"large (3-1/2"" to 4"" across)",1
,6093500,"large (3-1/4"" across)",1
,6093600,"large pickle (4"" long)",1
,6093700,"large (4-1/2"" across)",1
,6093800,"large (4-1/2"" long)",1
,6093900,"large (5-3/4"" long x 3-1/4"" across)",1
,6094100,large clam,1
,6094200,large chop (about 2-2/3 per pound),1
,6094300,large chop (about 2-2/3 per pound),1
,6094400,large (6 per 12 oz package),1
,6094500,"large (6-1/2"" across)",1
,6094501,"large (6"" - 7"" across)",1
,6094600,"large (7"" long)",1
,6094700,"large carrot (7-1/4"" to 8-1/2"" long)",1
,6094800,large chop (2 per pound),1
,6094900,large chop (2 per pound),1
,6095000,"large cucumber (8-1/4"" long)",1
,6095100,large (2 per pound),1
,6095200,large (2 per pound),1
,6095300,"large (9"" long)",1
,6095500,"large (3-1/2"" to 4"" across)",1
,6095600,"large (7"" across)",1
,6095700,large (include Kaiser),1
,6096200,"large (10"" across)",1
,6096400,large Chimichanga,1
,6096500,large Frosty,1
,6096800,large apple,1
,6096900,large  ,1
,6097300,large back,1
,6097500,"large bar (21 squares, 4 oz)",1
,6097700,"bar (24 squares, 6 oz)",1
,6097800,bar (6 oz),1
,6097801,large bar (6 oz),1
,6098000,large biscuit (Hungry Jack),1
,6098500,large burrito,1
,6098700,large can (25.25 oz),1
,6098800,large carp,1
,6098900,large catfish,1
,6099000,"large chappatti or roti (8"" across)",1
,6099100,large clam,1
,6099200,large cone,1
,6099400,large croaker or spot,1
,6099500,large cut (3 ribs),1
,6099600,large cut (3 ribs),1
,6099700,large scoop,1
,6099800,"large (3-5/8"" across)",1
,6099900,"large (3-1/2"" to 4"" across)",1
,6100000,"large (4-1/4"" across)",1
,6100300,large drumstick,1
,6100400,large drumstick,1
,6100500,large drumstick,1
,6100600,large drumstick,1
,6100700,large,1
,6100800,"large ear (7-3/4"" to 9"" long)",1
,6100900,large egg(s),1
,6100901,portion with 1 large egg,1
,6101200,large fast food cone,1
,6101300,large fast food order,1
,6101301,large fast food order (16 fl oz),1
,6101400,"large fillet (7"" x 2-1/4"" x 1/4"")",1
,6101500,large flounder,1
,6101600,large globe,1
,6101700,large haddock,1
,6102000,large head,1
,6102400,large herring,1
,6102500,large leaf,1
,6102600,large leg,1
,6102700,large leg,1
,6102800,large leg,1
,6102900,large leg,1
,6103100,large lobster (4 lb live weight),1
,6103300,large meatball,1
,6103600,"large muffin (3-1/4"" across)",1
,6103700,large mullet,1
,6103800,large mussel,1
,6103900,large or thick slice,1
,6104000,"large (7"" across)",1
,6104200,large patty,1
,6104300,large patty (3 per pound),1
,6104400,large patty with gravy,1
,6104500,large (2 per pound),1
,6104600,"large pepper (3-3/4"" long, 3"" across)",1
,6104700,large perch,1
,6105200,large piece with sauce,1
,6105300,"large pita (6-1/2"" across)",1
,6105500,large porgy,1
,6105600,large rectangle (2 squares),1
,6105700,large rib,1
,6105800,large rib,1
,6105900,"large (3-1/2"" across)",1
,6106000,large round Moon Cake,1
,6106100,large round,1
,6106200,"large cookie (3-1/2"" to 4"" across)",1
,6106300,"large sandwich cookie (3-1/2"" to 4"" across)",1
,6106400,"large sandwich cookie (3-1/2"" to 4"" across)",1
,6106500,"large cookie (3-1/2"" to 4"" across)",1
,6106600,"large sandwich cookie (3-1/2"" to 4"" across)",1
,6106700,large scoop,1
,6106800,large shrimp,1
,6106900,large slice,1
,6107000,"large slice (1/4"" thick)",1
,6107100,"large slice (4-1/2"" x 3-1/4"" x 3/4"")",1
,6107200,"large slice (5"" x 2-1/2"" x 1"")",1
,6107700,large square Moon Cake,1
,6107800,"large stalk (11"" - 12"" long)",1
,6108000,large steak,1
,6108100,large steak,1
,6108200,"large stick (7-1/2"" long)",1
,6108300,"large stick (5-3/8"" long)",1
,6108400,large stick or slice,1
,6108500,"strip or stick (3"" long)",1
,6108600,large submarine or hoagie roll,1
,6109100,large thigh,1
,6109200,large thigh,1
,6109300,large thigh,1
,6109400,large thigh,1
,6109500,"large tortilla (10"" across)",1
,6109600,"large tortilla (8"" across)",1
,6109700,large tostone,1
,6109800,large trout,1
,6109900,large waffle cone,1
,6110000,large wedge (1/8 of large melon),1
,6110300,large wing,1
,6110400,large wing,1
,6110500,large wing,1
,6110600,"large gherkin (3"" long)",1
,6110700,"large, breaded (2 per pound)",1
,6110800,"large, breaded (2 per pound)",1
,6110900,large,1
,6111300,lasagna noodle,1
,6111301,lasagna sheet,1
,6111400,lau lau,1
,6111500,"pound, in shell",1
,6111501,pound,1
,6111502,"pound, boneless",1
,6111503,"pound, with bone",1
,6111504,"pound, shucked",1
,6111505,"pound, crab meat",1
,6111600,leaves,1
,6111700,"leaf, endive",1
,6111800,"leaf, escarole",1
,6111900,"leaf, romaine",1
,6112000,leek,1
,6112200,leg (drumstick and thigh),1
,6112300,leg (drumstick and thigh),1
,6112400,leg,1
,6112600,crab claw,1
,6113200,link,1
,6113201,link (3 oz),1
,6113400,link (1 oz before cooking),1
,6113500,"link (3-1/4"" long)",1
,6113700,"link (4"" long x 1-1/2"" across)",1
,6113800,"link (4"" long x 1-1/8"" across)",1
,6113900,"link (4"" long)",1
,6114000,"1 link (5"" long)",1
,6114100,"1 link (7"" long)",1
,6114300,link,1
,6114400,link with sauce,1
,6114600,link,1
,6114601,link (1 oz before cooking),1
,6114800,Little Debbie Delight,1
,6114900,"Little Debbie Dutch Apple (4-1/4"" x 2-1/8"" x 5/8"")",1
,6115100,"little link (2"" long x 3/4"" across)",1
,6115200,chicken liver,1
,6116200,lobster,1
,6116201,"ounce(s), lobster meat",1
,6116202,"pound, lobster meat",1
,6116300,lobster tail,1
,6116900,"log (3"" x 1/2"" across)",1
,6117100,lollipop (.5 oz),1
,6117600,"twist (4-1/2"" long)",1
,6117700,"twist (5-1/4"" long)",1
,6117800,"lump, 2 cubes",1
,6117900,lychee,1
,6118000,lychee with liquid,1
,6118200,malasadas,1
,6118300,manapua,1
,6118400,mango,1
,6118500,manicotti,1
,6118600,matzo (1 oz),1
,6118601,matzo (1.1 oz),1
,6118700,matzo ball,1
,6118800,meal,1
,6118900,meal (10 oz),1
,6119000,meal (10.25 oz),1
,6119100,meal (10.5 oz),1
,6119200,meal (10.75 oz),1
,6119300,meal (11 oz),1
,6119400,meal (11.25 oz),1
,6119500,meal (11.5 oz),1
,6119600,meal (11.75 oz),1
,6119700,meal (12 oz),1
,6119900,meal (12.4 oz),1
,6120000,meal (12.5 oz),1
,6120100,meal (12.75 oz),1
,6120400,meal (14 oz),1
,6120500,meal (15 oz),1
,6120600,meal (15.5 oz),1
,6120900,meal (16.5 oz),1
,6121100,meal (17.75 oz),1
,6121200,meal (18.5 oz),1
,6121500,meal (5.2 oz),1
,6121600,meal (5.25 oz),1
,6121800,meal (6 oz),1
,6121900,meal (6.25 oz),1
,6122000,meal (6.5 oz),1
,6122100,meal (6.75 oz),1
,6122200,meal (6.80 oz),1
,6122500,meal (8 oz),1
,6122700,meal (8.5 oz),1
,6122800,meal (8.75 oz),1
,6122900,meal (9 oz),1
,6123000,meal (9.1 oz),1
,6123100,meal (9.125 oz),1
,6123200,meal (9.25 oz),1
,6123300,meal (9.5 oz),1
,6123500,meal (9.75 oz),1
,6123600,meatball,1
,6123700,meatball with sauce,1
,6123800,medium,1
,6123801,medium (1.5 oz),1
,6123802,medium (16 fl oz),1
,6123803,medium carrot,1
,6123804,medium clam,1
,6123805,medium cupcake (1.5 oz),1
,6123806,medium egg(s),1
,6123807,medium potato,1
,6123808,medium shake (20 fl oz),1
,6123900,"medium (2-3/4"" across)",1
,6124000,"medium (1-1/2"" x 3/4"" x 5/8"")",1
,6124100,"medium (1-1/4"" across)",1
,6124200,"medium (1-3/4"" across)",1
,6124500,"medium potato (5"" long)",1
,6124600,"biscuit (2"" across)",1
,6124700,"medium (2"" across)",1
,6124800,"medium potato (5"" long)",1
,6124900,"medium (2-1/2"" across)",1
,6124901,"medium roll (2-1/2"" across)",1
,6125100,"medium (2-1/4"" across)",1
,6125200,"medium (2-1/4"" to 3"" across)",1
,6125201,"medium (2-1/4"" to 3-1/4"" across)",1
,6125300,portion (made from 1 medium potato),1
,6125400,"medium whole (2-3/5"" across)",1
,6125500,"medium (2-3/8"" across)",1
,6125600,"medium (2-5/8"" across)",1
,6125800,"medium (3-3/4"" across)",1
,6125900,"medium pickle (3-3/4"" long)",1
,6126000,"medium (3-5/8"" long)",1
,6126100,"medium (3/4"" to 1"" across)",1
,6126400,"medium (4-1/8"" long)",1
,6126600,medium chop (about 3-1/4 per pound),1
,6126700,medium chop (about 3-1/4 per pound),1
,6126800,"medium (5-1/4"" long)",1
,6126900,"medium (5-1/8"" long x 3"" across)",1
,6127000,medium chop (3 per pound),1
,6127100,medium chop (3 per pound),1
,6127500,medium (2-1/2 per pound),1
,6127600,medium (2-1/2 per pound),1
,6127800,medium chop ( 2-1/4 per pound),1
,6127900,medium chop ( 2-1/4 per pound),1
,6128000,"medium (8"" long)",1
,6128200,"medium (2"" - 2-1/2"" across)",1
,6128300,"medium (2"" across)",1
,6128400,"medium (2-3/4"" long, 2-1/2"" across)",1
,6128500,"medium (approx 2-5/8"" across)",1
,6128600,"medium (5"" across)",1
,6128601,"medium (5-1/4"" across)",1
,6128900,medium,1
,6129000,"medium (2-5/8"" across)",1
,6129300,medium Chimichanga,1
,6129400,medium Frosty,1
,6129700,medium apple,1
,6129800,medium  ,1
,6130200,medium back,1
,6130201,back,1
,6130400,"medium bar (2"" square)",1
,6130500,"medium bar (2"" x 1-1/4"" x 1"")",1
,6130800,medium blue crab,1
,6130900,medium bream,1
,6131100,medium burrito,1
,6131300,medium can (15 oz),1
,6131400,medium carp,1
,6131500,medium catfish,1
,6131600,"medium chappatti or roti (7"" across)",1
,6131700,"medium cookie (1-1/2"" across)",1
,6131800,"medium cookie (1-3/4"" across)",1
,6131900,"medium cookie (1-5/8"" across)",1
,6132000,"medium cookie (2"" across)",1
,6132100,"medium cookie (2-1/2"" across)",1
,6132200,"medium cookie (2-1/4"" across)",1
,6132300,"medium cookie (2-1/8"" across)",1
,6132400,"medium cookie (2-3/4"" across)",1
,6132700,medium crab,1
,6132900,medium crappie,1
,6133000,medium croaker or spot,1
,6133400,medium scoop,1
,6133500,medium scoop,1
,6133600,"medium (3-1/4"" across)",1
,6133700,"medium (3-3/4"" across)",1
,6134000,medium drumstick,1
,6134100,medium drumstick,1
,6134200,medium drumstick,1
,6134300,medium drumstick,1
,6134301,chicken leg (drumstick),1
,6134400,medium,1
,6134500,"medium ear (6-3/4"" to 7-1/2"" long)",1
,6134600,medium egg(s),1
,6134601,portion with 1 medium egg,1
,6134700,medium egg (4 oz),1
,6134900,"medium fillet (5"" x 1-3/4"" x 1/4"")",1
,6135000,medium flounder,1
,6135100,medium globe,1
,6135200,medium haddock,1
,6135600,medium head,1
,6136000,medium herring,1
,6136200,medium leaf,1
,6136300,medium leg,1
,6136400,medium leg,1
,6136500,medium leg,1
,6136600,medium leg,1
,6136601,chicken leg,1
,6136800,medium lobster (2.5 lb live weight),1
,6136900,medium meatball,1
,6137100,medium menpachi,1
,6137200,medium mullet,1
,6137300,medium mussel,1
,6137400,"medium (5"" across)",1
,6137500,medium patty,1
,6137600,medium patty (4 per pound),1
,6137800,medium patty with gravy,1
,6137900,medium (2-21/2 per pound),1
,6138000,"medium pepper (2-3/4"" long, 2-1/2"" across)",1
,6138100,medium perch,1
,6138200,medium piece,1
,6138700,medium piece with sauce,1
,6138800,"medium pita (5-1/4"" across)",1
,6139000,medium porgy,1
,6139100,medium rib,1
,6139200,medium rib,1
,6139300,"medium (1-1/2"" across, 1-1/2"" thick)",1
,6139400,"medium steak (5/8"" thick)",1
,6139500,"medium cookie (1-3/4"" across)",1
,6139600,medium scoop,1
,6139700,medium shrimp,1
,6139800,medium slice,1
,6139801,medium slice (1 oz),1
,6139900,medium slice (1 oz),1
,6140000,"medium slice (1/4"" thick)",1
,6140100,"medium slice (1/8"" thick)",1
,6140200,medium slice (1 oz),1
,6140300,"medium slice (4-1/2"" across x 1/8"" thick)",1
,6140500,"medium slice (4-3/4"" x 4"" x 1/2"")",1
,6140600,"medium slice (2"" x 1-1/2"" x 1/4"")",1
,6140700,"medium slice (3"" across x 1/4"" thick)",1
,6140701,medium slice,1
,6140800,"medium slice (3"" x 2"" x 1/4"")",1
,6140900,medium slice,1
,6140901,"medium slice (4-1/2"" x 2-1/2"" x 1/4"")",1
,6141000,medium slice,1
,6141200,medium prepackaged slice (1.5 oz),1
,6141300,medium slurpee (16 fl oz cup),1
,6141400,medium snapper,1
,6141800,"medium stalk (7-1/2"" - 8"" long)",1
,6142000,medium steak,1
,6142100,medium steak,1
,6142200,"medium stick (6-3/4"" long)",1
,6142300,"medium stick (4-3/4"" long)",1
,6142400,medium stick or slice,1
,6142600,medium submarine or hoagie roll,1
,6143100,medium thigh,1
,6143200,medium thigh,1
,6143300,medium thigh,1
,6143400,medium thigh,1
,6143401,chicken thigh,1
,6143500,"medium tortilla (6"" across)",1
,6143600,"tortilla (8"" across)",1
,6143700,"medium tostone (4"" x 2-1/2"" x 1/4"")",1
,6143800,medium trout,1
,6144000,"medium wafer or rosette (4-1/2"" across)",1
,6144100,medium wedge (1/8 of medium melon),1
,6144400,medium wing,1
,6144500,medium wing,1
,6144600,medium wing,1
,6144601,chicken wing,1
,6144700,"medium gherkin (2-3/4"" long)",1
,6144800,"medium, breaded (2-1/2 per pound)",1
,6144900,"medium, breaded (2-1/2 per pound)",1
,6145000,melba round,1
,6145400,"melon (9-3/8"" long)",1
,6145500,meringue,1
,6145700,midgee roll or piece,1
,6145800,"midget gherkin (2-1/8"" long)",1
,6145900,milkshake (10 fl oz),1
,6146000,mini croissant,1
,6146100,"mini (1-1/2"" across)",1
,6146200,doughnut hole,1
,6146400,"mini round (1-3/4"" across)",1
,6146500,"mini square (1-1/2"" square)",1
,6146700,miniature,1
,6146701,miniature (1 oz),1
,6146702,miniature sandwich,1
,6146900,"miniature (3"" across)",1
,6147000,miniature Napoleon,1
,6147100,miniature bar,1
,6147101,minis bar,1
,6147102,piece or miniature bar,1
,6147200,miniature bar (.35 oz),1
,6147201,miniature bar (.4 oz),1
,6147400,miniature box (.5 oz),1
,6147600,miniature cream puff,1
,6147700,miniature cup,1
,6147800,miniature egg roll,1
,6147900,miniature hamburger,1
,6148100,"pizza (5"" across)",1
,6148200,miniature egg roll,1
,6148201,miniature roll,1
,6148300,miniature samosa,1
,6148400,miniature sandwich,1
,6148500,miniature taco,1
,6148600,mint,1
,6149100,muffin,1
,6149300,"muffin (2-3/4"" across) (include Jenny's Cuisine)",1
,6149400,"medium muffin (2-3/4"" across)",1
,6149500,muffin (McDonald's Apple Bran),1
,6149700,mug (8 fl oz),1
,6149800,mussel,1
,6149900,mussel with sauce,1
,6150500,neck,1
,6150600,neckbone,1
,6150700,necklace (.75 oz),1
,6150800,nugget,1
,6150801,cheese nugget,1
,6150802,nugget or miniature bar,1
,6150900,nut,1
,6150901,lychee nut,1
,6151200,"fillet (4-1/2"" x 2-1/4"" x 3/8"")",1
,6151300,fast food order,1
,6151301,order,1
,6151400,order (10 halves),1
,6151600,oval,1
,6151700,"oval patty (approx 3"" x 1-1/2"" x 1/2"")",1
,6151800,"oval patty (approx 4-1/2"" x 2-1/4"" x 1/2"")",1
,6151900,oyster,1
,6151901,"oyster, medium",1
,6152000,oyster cracker,1
,6152300,oyster,1
,6152400,Pacific oyster,1
,6152500,Pacific oyster,1
,6152800,package,1
,6152801,package (1.5 oz),1
,6152802,package (14 oz),1
,6152803,package (16 oz),1
,6152804,package (20 oz),1
,6152805,package (30 oz),1
,6152806,package (12 oz),1
,6153100,ounce,1
,6153300,large peppermint pattie (1.4 oz),1
,6153600,package (1.6 oz),1
,6153700,package (1.7 oz),1
,6153800,package (1.7 oz),1
,6154000,package,1
,6154100,"package (1.89 oz, 2 bars)",1
,6154200,package (1.9 oz),1
,6154800,"package (2.06 oz, 2 bars)",1
,6155200,package (2.5 oz),1
,6155500,"package (3 oz), prepared",1
,6155700,package (4 oz),1
,6156000,package (4.75 oz),1
,6156800,"package, Jenny's Cuisine Mexican Style Sauce with Chicken Enchiladas",1
,6156900,package Twix Chocolate Fudge Cookie Bars (1.6 oz),1
,6157000,package Twix Cookies-n-Creme Bars (1.6 oz),1
,6157200,"package, prepared",1
,6157300,packet,1
,6157301,packet (0.95 oz),1
,6157302,tube (8 pieces),1
,6157600,"packet (1 oz), prepared",1
,6157900,packet (2/3 tablespoon),1
,6158000,packet dry mix with milk,1
,6158200,packet dry mix with milk,1
,6158500,"fruit-flavored packet, prepared",1
,6158600,packet (D.E.L.T.A),1
,6158800,"packet dry mix, prepared with water",1
,6158900,"packet dry mix, prepared with water",1
,6159100,"packet, prepared",1
,6159300,"packet, prepared",1
,6159400,"packet, prepared",1
,6159500,pad,1
,6159600,pair,1
,6159700,pakora,1
,6160000,pan or dinner roll,1
,6160200,pancake,1
,6160800,"potato pancake (2-3/4"" across, 1/8"" thick)",1
,6160900,"small (3"" across)",1
,6161100,"potato pancake (3-1/4"" x 3-5/8"" x 1/4"" thick)",1
,6161200,"pancake (4"" across)",1
,6161400,"medium (5"" across)",1
,6161800,"large (7"" across)",1
,6162400,potato pancake (frozen),1
,6162500,panzerotti,1
,6162900,pastry,1
,6163000,"extra large (8"" across)",1
,6163100,pat (teaspoon),1
,6163200,pat (teaspoon),1
,6163300,patty,1
,6163301,patty (2.7 oz),1
,6163500,"patty (3"" across, 1/2"" thick)",1
,6163600,"patty (3"" to 3-1/2"" across)",1
,6163800,patty (4 per pound),1
,6163900,"filet (4"" x 2"" x 1/2"")",1
,6164000,"patty (2"" across)",1
,6164100,"patty (2-1/4"" across)",1
,6164200,patty,1
,6164300,patty shell,1
,6164500,patty,1
,6164600,half,1
,6164700,peanut,1
,6164701,Circus Peanut,1
,6164800,peanut cluster,1
,6165000,pearl onion,1
,6165001,onion,1
,6165002,whole mushroom,1
,6165100,pecan swirl,1
,6165200,pepper,1
,6165201,large chili pepper,1
,6165400,"fillet (4"" x 2"" x 3/8"")",1
,6165500,"fillet (4-1/4"" x 2-1/2"" x 3/8"")",1
,6165600,"fillet (4-1/4"" x 2-1/4"" x 3/8"")",1
,6165700,"persimmon (2-1/2"" across x 3-1/2"" high)",1
,6165800,leg (drumstick and thigh),1
,6165900,fried pie,1
,6165901,pie,1
,6166100,16-ounce pie (Hungry Man),1
,6166300,"8-ounce pie (4""-5"" across)",1
,6166400,"pie (8"" across)",1
,6166500,"pie (9"" across)",1
,6166701,almond,1
,6166702,caramel cream,1
,6166703,Ferrero Rocher hazelnut chocolate,1
,6166704,fun size bar,1
,6166705,Goo Goo Cluster,1
,6166706,Hershey's kiss,1
,6166707,Hershey's nugget,1
,6166708,jelly bean,1
,6166709,large piece,1
,6166710,medium piece,1
,6166711,mint leaves,1
,6166712,nonpareils,1
,6166713,piece,1
,6166714,piece (0.1 oz),1
,6166715,piece (0.2 oz),1
,6166716,piece or miniature bar,1
,6166717,"piece, Sugar Babies",1
,6166718,praline (2 oz),1
,6166719,puff,1
,6166720,small piece,1
,6166721,small piece or mint,1
,6166722,stick,1
,6167000,snack size box or peppermint pattie,1
,6167100,"piece, boneless (1-1/2"" x 1"")",1
,6167200,"piece (1-3/4"" x 1-1/4"" x 1/2"")",1
,6167300,"piece (1-3/4"" x 7/8"" x 1/2"")",1
,6167400,"piece (1-7/8"" x 1-1/2"" x 3/4"")",1
,6167600,piece (1/10 of 1-layer cake),1
,6167700,piece (1/10 of 1-layer cake),1
,6167701,"piece (1/10 of 8"" cake)",1
,6167800,piece (1/10 of 1-layer cake),1
,6167900,piece (1/10 of 1-layer cake),1
,6167901,"piece (1/10 of 8"" square cake)",1
,6168000,piece (1/10 of 1-layer cake),1
,6168100,piece (1/10 of cake),1
,6168200,piece (1/10 of loaf),1
,6168300,piece (1/10 of roll),1
,6168301,piece (1/10 of jelly roll),1
,6168400,"piece (1/12 of 10"" tube cake)",1
,6168401,piece (1/12 of bundt cake),1
,6168402,piece (1/12 of tube cake),1
,6168500,piece (1/12 of 2-layer cake),1
,6168600,piece (1/12 of 2-layer cake),1
,6168700,piece (1/12 of 3-layer cake),1
,6168800,"piece (1/12 of 7"" tube cake)",1
,6168900,piece (1/12 of cake),1
,6169000,"piece (1/12 of 8"" cake)",1
,6169001,"piece (1/12 of 8"" square)",1
,6169100,"piece (1/12 of 8-1/2"" cake)",1
,6169200,"piece (1/12 of 9"" cake)",1
,6169300,"piece (1/12 of 9"" square)",1
,6169400,piece (1/12 of torte),1
,6170000,"piece (2-1/2"" x 4)",1
,6170100,piece (1/6 of pie),1
,6170200,"piece (1/6 of 9"" x 13"" pan)",1
,6170400,"slice (1/8 of 11-1/2"" pie)",1
,6170600,"piece (3-1/2"" x 3"")",1
,6170700,"piece (1/8 of 8"" across)",1
,6170800,"piece (1/8 of 9"" across x 3/4"" pone)",1
,6170900,"piece (1/8 of 9"" pie)",1
,6170901,"piece (1/8 of 9"" across)",1
,6170902,"piece (1/8 of 9"" quiche)",1
,6170903,"piece (1/8 of 9"" tart)",1
,6171000,"piece (1/8 of 9"" pie)",1
,6171100,piece (1/8 of whole),1
,6171200,"piece (2"" long x 1-5/8"" across)",1
,6171300,"piece (2"" x 2"" x 1-1/2"")",1
,6171400,"piece (2"" x 2"" x 1/2"")",1
,6171500,"piece (2-1/2"" long)",1
,6171600,"piece (2-1/2"" x 2"" x 1"")",1
,6171700,"piece (2-1/2"" x 2-1/2"" x 1-1/2"")",1
,6171800,"piece (2-1/2"" x 2-3/4"" x 1"")",1
,6172000,"piece (3"" x 2"" x 1"")",1
,6172100,"piece (3-1/4"" x 2"" x 1"")",1
,6172200,"piece (3-3/4"" x 1-3/4"" x 1/8"")",1
,6172300,"piece or stick (4"" x 1"" x 3/4"")",1
,6172400,"piece (4"" x 2"" x 1-3/4"")",1
,6172500,"piece (4"" x 2"" x 1/2"")",1
,6172700,"piece (4-1/2"" x 2-1/4"" x 7/8"")",1
,6172900,"piece (5"" x 7/8"" x 1-1/8"")",1
,6173000,"piece (5-1/2"" x 1-1/2"" x 1/2"")",1
,6173100,"piece (6"" across)",1
,6173200,"piece (7"" across)",1
,6173300,"piece (8"" across)",1
,6173500,"piece (2"" - 2-1/2"" square)",1
,6173600,small piece,1
,6173800,piece Jack-in-the-Box Double Fudge Cake,1
,6174100,piece with sauce,1
,6174200,patty with sauce and cheese,1
,6174300,piece (1-inch cube),1
,6174500,"piece, without seeds",1
,6174600,pierogi,1
,6174700,pig in blanket,1
,6174800,pig tail,1
,6175100,sandwich,1
,6175200,"pizza (10"" across)",1
,6175600,"pizza (9"" across)",1
,6175601,"medium crust (9"" across)",1
,6175602,"large crust (10"" across)",1
,6175603,mini crust,1
,6175900,plantain,1
,6176100,plum,1
,6176200,"plum (2-1/8"" across)",1
,6176300,plum tomato,1
,6176400,plum with liquid,1
,6176600,pod,1
,6176601,"pods (3"" long)",1
,6176700,"pomegranate (3-3/8"" across)",1
,6177300,Tootsie Roll Pop,1
,6177400,popcorn ball (1 oz),1
,6177600,popover,1
,6177800,pork chop with gravy,1
,6177900,pork chop with sauce,1
,6178000,pot sticker,1
,6178100,pouch,1
,6178101,pouch (0.7 oz),1
,6178102,pouch (0.9 oz),1
,6178200,pouch (0.9 oz),1
,6178400,prawn,1
,6178500,pretzel,1
,6178501,nugget,1
,6178600,"pretzel (1-5/8"" x 1-1/8"" x 1/4"")",1
,6178700,prune,1
,6178900,puff,1
,6179100,punch cup (4 fl oz),1
,6179200,"puri (approx 4-4/5"" dia)",1
,6179300,push up (3 fl oz),1
,6179400,quail,1
,6179500,"quart, in shell",1
,6179501,quart (4 cups),1
,6179600,quesadilla,1
,6180100,rabbit,1
,6180300,rectangular biscuit,1
,6180400,rectangle,1
,6180500,"rectangular patty (approx 3"" x 1-1/2"" x 1/2"")",1
,6180600,"rectangular patty (approx 5-1/2"" x 3-3/4"" x 1/2"")",1
,6180800,"regular (7"" across)",1
,6181000,regular biscuit,1
,6181100,"regular flat can (7.75 oz), drained",1
,6181200,regular samosa,1
,6181300,regular slice,1
,6181600,rib,1
,6181700,rib,1
,6181900,rib with sauce,1
,6182000,ring,1
,6182100,"slice or ring (3"" across 1/4"" thick)",1
,6182200,"rod (7-1/2"" x 1/2"" across)",1
,6182300,roll,1
,6182301,fun size,1
,6182302,"roll (1.8 oz), Sweet Tarts",1
,6182500,roll (1.3 oz),1
,6182900,roll,1
,6183100,roll (2.3 oz),1
,6183200,"roll (4-1/4"" x 1-1/2"" dia)",1
,6183300,roll with sauce,1
,6183400,roll-up,1
,6183700,round biscuit,1
,6184000,round,1
,6184100,"round (1-1/2"" across)",1
,6184400,"round (10"" across)",1
,6184500,"round (4"" across)",1
,6184600,"round (4-1/2"" across)",1
,6184700,"round (7"" across)",1
,6184800,"round (8"" across)",1
,6185000,rusk,1
,6185100,salad,1
,6185300,sandwich,1
,6185301,cookie,1
,6185302,cracker,1
,6185303,submarine sandwich,1
,6185400,sandwich,1
,6185500,"sandwich (6"")",1
,6185600,"cookie (1"" - 1-1/2"" across)",1
,6185601,"medium coookie (1"" - 1-1/2"" across)",1
,6185602,"medium sandwich cookie (1"" - 1-1/2"" across)",1
,6185700,sandwich steak,1
,6185800,oval cookie,1
,6185801,Vienna finger,1
,6185900,oval or peanut-shaped sandwich cookie,1
,6186000,oval cookie,1
,6186001,Pepperidge Farm Milano,1
,6186100,"round cookie (1"" - 1-1/2"" across)",1
,6186101,"round sandwich cookie (1"" - 1-1/2"" across)",1
,6186200,Pepperidge Farm Brussels Mint,1
,6186201,"round cookie (1"" - 1-1/2"" across)",1
,6186700,"sardine (5"" long)",1
,6186800,sausage,1
,6186900,"sausage (10"" long x 1-1/4"" across)",1
,6187000,"sausage (10-1/4"" long  x 1-3/8"" across)",1
,6187100,"sausage (7/8"" across x 2"" long)",1
,6187200,scallop,1
,6187201,"scallop, large",1
,6187202,"scallop, small",1
,6187300,"scallop (2"" x 1-1/4"" x 3/4"")",1
,6187400,scone,1
,6187500,scoop (1.2 oz),1
,6187600,scoop (1.1 oz),1
,6188000,scooter pie,1
,6188100,"scup fillet (4-1/2"" x 2"" x 3/8"")",1
,6188200,"scup fillet (4-1/2"" x 2-1/4"" x 3/8"")",1
,6188300,section,1
,6188600,medium piece,1
,6188900,section or slice,1
,6188901,slice,1
,6189400,portion (1 whole breast),1
,6189500,"portion (1/2 chayote, 4-1/2"" x 3-1/2"" x 1-1/2"", no shell)",1
,6189700,portion (1/2 plantain with syrup),1
,6189800,dinner (12 oz),1
,6190100,portion (2 pieces with sauce),1
,6190500,"portion (lettuce, 1 cup diced pineapple, dressing)",1
,6190600,"portion (lettuce, 1 slice of pineapple, cream cheese)",1
,6190700,"portion (lettuce, 1/2 pear, dressing)",1
,6190900,"shell (3"" across)",1
,6191000,jumbo shell,1
,6191100,shish kabob,1
,6191300,shrimp,1
,6191400,shrimp with sauce,1
,6191500,bar or stick,1
,6191600,bar or stick,1
,6191800,side dish (4.5 oz),1
,6191900,side salad,1
,6192000,single serving bag (1 oz),1
,6192001,single serving bag (0.75 oz),1
,6192002,single serving bag (1.1 oz),1
,6192003,single serving bag (1.2 oz),1
,6192100,single serving bag (1-3/4 oz),1
,6192200,single serving box,1
,6192201,single serving box (0.6 oz),1
,6192202,single serving box (0.75 oz),1
,6192203,single serving box (0.85 oz),1
,6192204,single serving box (0.9 oz),1
,6192205,single serving box (1 oz),1
,6192206,single serving box (1.1 oz),1
,6192207,single serving box (1.25 oz),1
,6192208,single serving box (1.4 oz),1
,6192400,single serving box (0.75 oz),1
,6192500,single serving box (0.875 oz),1
,6192600,single serving box (1 oz),1
,6192700,single serving box (1.1 oz),1
,6192800,single serving box (1.25 oz),1
,6192900,single serving box (0.8 oz),1
,6193200,single stick,1
,6193500,crispbread,1
,6193501,piece,1
,6193502,regular slice,1
,6193503,slice,1
,6193504,slice (.75 oz),1
,6193505,slice (.8 oz),1
,6193506,slice (1 oz),1
,6193600,slice (.75 oz),1
,6193700,slice (1 oz),1
,6193800,slice (1 oz),1
,6193900,Weight Watchers slice (1 oz),1
,6194100,"slice (1-3/4"" across x 1/8"" thick)",1
,6194101,"small slice (1-3/4"" across x 1/8"" thick)",1
,6194200,"slice (1-3/8"" across x 1/8"" thick)",1
,6194300,1/2-inch thick slice (2 oz),1
,6194400,"slice (1/2"" thick)",1
,6194600,slice (1/2 oz),1
,6194700,"slice (2"" across x 1/4"" thick)",1
,6194900,"slice (2-1/4"" x 1-3/4"" x 1/4"")",1
,6195000,"slice (2-3/4"" x 1"" x 1/2"")",1
,6195100,"small slice (2-3/4"" x 1-1/4"" x 3/16"")",1
,6195200,"slice (2-3/4"" x 2-1/8"" x 1/4"")",1
,6195300,"small slice (2-7/8"" across x 1/16"" thick)",1
,6195600,"slice (3"" across, 1/2"" thick)",1
,6196100,"thick slice (3-1/2"" across x 3/4"" thick)",1
,6196400,"slice (3-1/4"" x 2-3/4"" x 1/2"")",1
,6196500,"slice (3-1/4"" x 2-3/4"" x 5/8"")",1
,6196700,"slice (3-1/8"" across x 1/16"" thick)",1
,6196800,"slice (3-1/8"" across x 1/4"" thick)",1
,6197000,"slice (3-3/4 x 1-3/4 x 3/4"")",1
,6197100,"slice (3-3/4"" across x 1/8"" thick)",1
,6197200,"slice (3-3/4"" x 2"" x 1/2"")",1
,6197400,slice (1 oz),1
,6197500,"slice (3/4"" thick)",1
,6197600,"slice (4"" across x 1/8"" thick)",1
,6197700,"slice (4"" across x 1/8"" thick)",1
,6197800,"slice (4"" x 1-3/4"" x 1/2"")",1
,6198500,"slice (4-1/4"" x 4-1/4"" x 1/16"")",1
,6198700,"slice (4-1/8"" across x 1/8"" thick)",1
,6198900,slice (1 oz),1
,6199100,"slice (6-1/2"" x 2-3/8"" x 3/8"")",1
,6199200,slice (1 oz),1
,6199300,slice (1 oz),1
,6199400,"slice (7-3/4"" x 3-1/2"" x 3/4"")",1
,6199500,slice of London Broil,1
,6199600,slice of chicken with sauce,1
,6199601,slice with sauce,1
,6199700,slice of turkey with sauce,1
,6199900,slice or roll,1
,6200000,slice or wedge,1
,6200100,slice toast with sauce,1
,6200200,slice with gravy,1
,6200400,slice with liquid,1
,6200500,slice with onions,1
,6200600,slice with sauce,1
,6200700,slice with syrup,1
,6200800,slice,1
,6201000,"slice, cooked",1
,6201100,"slice, crust not eaten",1
,6201200,"slice, loaf shape (5"" x 4-5/8"" x 1/16"")",1
,6201300,"slice, round (2-1/4"" across x 1/8"" thick)",1
,6201400,"slice, snack-size",1
,6201500,small,1
,6201501,small (12 fl oz),1
,6201502,small (2-1/2 oz),1
,6201503,small clam,1
,6201504,small egg(s),1
,6201505,small pickle,1
,6201506,small potato,1
,6201507,small shake (15 fl oz),1
,6201600,"small (2-1/2"" across)",1
,6201700,"small (1"" across)",1
,6201800,"biscuit (1-1/2"" across)",1
,6201801,"small (1-1/2"" across)",1
,6201900,"small (1-1/4"" x 1/2"" x 1/4"")",1
,6202000,"small (1-3/4"" to 2-1/4"" across)",1
,6202200,small (10 per 12 oz package),1
,6202300,small clam,1
,6202400,"small (2 pounds, raw), cooked",1
,6202600,"small (2-1/2"" across)",1
,6202700,"small (2-1/4"" across)",1
,6202701,"small (4-1/4"" across)",1
,6202800,"small whole (2-2/5"" across)",1
,6202900,"small (2-3/8"" across)",1
,6203000,"small (3"" long)",1
,6203001,small,1
,6203100,small chop (4 per pound),1
,6203200,small chop (4 per pound),1
,6203400,"small (4-1/2"" long x 2-3/4"" across)",1
,6203600,"small (4-3/4"" long)",1
,6203700,small (3-1/3 per pound),1
,6203800,small (3-1/3 per pound),1
,6203900,small,1
,6204000,"small carrot (5-3/4"" long or less)",1
,6204100,"small (5-1/2"" long)",1
,6204101,"small carrot (5-1/2"" long)",1
,6204300,small (3 per pound),1
,6204400,small (3 per pound),1
,6204500,"small (6"" long)",1
,6204600,"small cucumber (6-3/8"" long)",1
,6204800,"small (8"" across)",1
,6204900,small Hostess,1
,6205000,small,1
,6205100,small,1
,6205300,Pepperidge Farm Pirouette,1
,6205301,"small (2"" across)",1
,6205900,small Chimichanga,1
,6206100,small Frosty,1
,6206400,small apple,1
,6206500,small  ,1
,6206900,small back,1
,6207200,small box (1.5 oz),1
,6207400,small bream,1
,6207600,small burrito,1
,6207800,small cake,1
,6207900,"small can (3.25 oz), drained",1
,6208000,small can (7 oz),1
,6208100,small carp,1
,6208200,small catfish,1
,6208300,"small chappatti or roti (6"" across)",1
,6208400,small (3-1/3 per pound),1
,6208500,small (3-1/3 per pound),1
,6208600,small clam,1
,6208700,small cone,1
,6208800,small crappie,1
,6208900,small croaker or spot,1
,6209200,small scoop,1
,6209300,"small (2-1/2"" across)",1
,6209400,"small (3"" across)",1
,6209700,small drumstick,1
,6209800,small drumstick,1
,6209900,small drumstick,1
,6210000,small drumstick,1
,6210100,small,1
,6210200,"small ear (5-1/2"" to 6-1/2"" long)",1
,6210300,small egg(s),1
,6210400,small egg (1 oz),1
,6210600,small fast food cone,1
,6210700,"small fillet (2-3/8"" x 1-3/8"" x 1/4"")",1
,6210800,"small fish (2-2/3"" x 1/2"" x 1/4"")",1
,6210900,small flounder,1
,6211000,small globe,1
,6211100,small goblet (4 fl oz),1
,6211200,small haddock,1
,6211800,small herring,1
,6211900,small leaf,1
,6212000,small leg,1
,6212100,small leg,1
,6212200,small leg,1
,6212300,small leg,1
,6212500,small lobster (1 pound live weight),1
,6212700,small meatball,1
,6212900,small menpachi,1
,6213000,"small muffin (2-1/2"" across)",1
,6213100,small mullet,1
,6213200,small mussel,1
,6213300,"small (3"" across)",1
,6213400,small or thin,1
,6213500,small or thin,1
,6213600,small or thin cut chop (5-1/3 per pound),1
,6213700,small or thin cut chop (5-1/3 per pound),1
,6213800,small or thin slice,1
,6214000,"small (3"" across)",1
,6214100,small peppermint pattie,1
,6214200,small patty,1
,6214300,small patty (5 per pound),1
,6214400,small patty (5 per pound),1
,6214500,small patty with gravy,1
,6214600,small (3 per pound),1
,6214700,small pepper,1
,6214800,small perch,1
,6214900,small piece,1
,6215400,small piece with sauce,1
,6215500,"small pita (4"" across)",1
,6215600,small pitcher (32 fl oz),1
,6215700,"pizza (8"" across)",1
,6215800,small porgy,1
,6215900,small rib,1
,6216000,small rib,1
,6216100,small round Moon Cake,1
,6216200,small scoop,1
,6216300,small shrimp,1
,6216400,small slice,1
,6216600,"small slice (2-1/2"" x 2"" x 1/2"")",1
,6216700,"small slice (3-1/4"" x 2-1/2"" x 1/2"")",1
,6216800,small snapper,1
,6217100,small square Moon Cake,1
,6217400,"small stalk (5"" long)",1
,6217600,small steak,1
,6217700,small steak,1
,6217800,small stick or slice,1
,6217900,"small stick (6-1/4"" long)",1
,6218000,"small stick (4-1/4"" long)",1
,6218100,small submarine or hoagie roll,1
,6218200,small tart,1
,6218700,small thigh,1
,6218800,small thigh,1
,6218900,small thigh,1
,6219000,small thigh,1
,6219100,"small tortilla (4"" across)",1
,6219200,"tortilla (6"" across)",1
,6219300,small tostone,1
,6219400,small trout,1
,6219500,small wedge (1/8 of small melon),1
,6219800,small wing,1
,6219900,small wing,1
,6220000,small wing,1
,6220100,"small gherkin (2-1/2"" long)",1
,6220200,"small, breaded (3-1/3 per pound)",1
,6220300,"small, breaded (3-1/3 per pound)",1
,6220500,smokie (8 per 12 oz pkg),1
,6220600,snack size container (4 oz),1
,6220601,small box (3.9 oz),1
,6220602,large box (5.9 oz),1
,6220603,small box (1.4 oz),1
,6220604,large box (2.1 oz),1
,6220605,small box (3.4 oz),1
,6220606,large box (5.1 oz),1
,6220607,small box (1 oz),1
,6220608,large box (1.5 oz),1
,6220609,box (32 oz),1
,6220700,3 Musketeers Bar (snack size),1
,6220900,snail,1
,6221000,snow cone,1
,6221100,snow crab leg,1
,6221200,snow crab body with 3 legs,1
,6221300,snowshoe rabbit,1
,6221400,soda (10 fl oz),1
,6221500,"sopaipilla (1 1/2"" x 1 1/2"")",1
,6221600,spear,1
,6221700,"spear (5"" long)",1
,6221900,spear,1
,6222100,"spot fillet (4-1/2"" x 2"" x 3/8"")",1
,6222200,sprig,1
,6222300,sprout,1
,6222400,square,1
,6222800,square,1
,6222801,square cracker,1
,6223000,"square (4"" square)",1
,6223100,"square (9"" square)",1
,6223300,squid,1
,6223400,stalk,1
,6223600,deer steak,1
,6223700,steak with gravy,1
,6223900,stick,1
,6223901,old fashioned hard candy stick,1
,6223902,stick (1/2 cup),1
,6223903,stick (3 oz),1
,6223904,string cheese stick,1
,6224100,"stick (2-1/2"" x 5/8"" x 1/2"")",1
,6224200,stick (3 oz),1
,6224300,"stick (3"" long)",1
,6224400,"stick (3"" x 3/4"")",1
,6224500,"stick (4"" x 1"" x 1/2"")",1
,6224600,string cheese stick,1
,6224700,stick (7 per pound),1
,6225100,"stick, 4 "" long",1
,6225200,strip,1
,6225400,"strip (3-1/4"" x 7/8"" x 1/8"")",1
,6225500,"strip (4"" long)",1
,6225900,strip or slice,1
,6226100,stuffed cap,1
,6226200,stuffed crab shell,1
,6226300,stuffed globe,1
,6226400,stuffed pork chop,1
,6226500,stuffed shrimp,1
,6226600,sub sandwich,1
,6227000,sucker (2 oz),1
,6227100,"sucker, junior size",1
,6227200,sundae,1
,6227600,tablet (3 oz),1
,6227900,taco or tostada,1
,6227901,taco bowl or tostada bowl,1
,6228100,tail,1
,6228300,"tall can (16 oz), drained",1
,6228500,tamale,1
,6228600,tamarind,1
,6228700,taquito,1
,6228800,tart,1
,6228900,tart shell,1
,6229600,teacup (6 fl oz),1
,6229700,thick slice,1
,6229800,"large/thick slice (1/2"" thick)",1
,6229900,"thick slice (2"" x 1-1/2"" x 3/8"")",1
,6230000,thick slice,1
,6230001,"thick slice (3"" dia x 3/8 thick)",1
,6230100,"thick slice (3"" x 2"" x 3/8"")",1
,6230200,thick slice,1
,6230300,thick slice,1
,6230600,"thigh, cooked",1
,6230700,"pretzel thin (3-1/4"" x 2-1/4"" x 1/4"")",1
,6230800,thin slice,1
,6230801,thin slice (.5 oz),1
,6230900,"thin slice (3-1/2"" across x 1/2"" thick)",1
,6231000,"thin slice (2"" x 1-1/2"" x 1/8"")",1
,6231100,thin slice,1
,6231101,"thin slice (3"" across x 1/8 thick)",1
,6231200,"thin slice (3"" x 2"" x 1/8"")",1
,6231300,thin  slice,1
,6231400,thin slice,1
,6231900,thin wafer,1
,6232000,"tiny (""popcorn"")",1
,6232100,toaster muffin,1
,6232200,tomato,1
,6232300,"tomato (2-3/8"" across)",1
,6232600,tortilla,1
,6232800,"tortilla (12"" across)",1
,6233000,"tortilla (4"" across)",1
,6233400,triple cheeseburger,1
,6234000,tube,1
,6234600,turkish cup (4 fl oz),1
,6234700,turnover,1
,6234800,turtle,1
,6234900,vending machine cup (6 fl oz),1
,6235000,very thin slice,1
,6235100,wafer,1
,6235200,wedge,1
,6235201,wheel (8 oz),1
,6235202,brick (8 oz),1
,6235400,wedge (1/8 of melon),1
,6235700,wedge (approx 1/16 of melon),1
,6235800,wedge or slice,1
,6236200,"fillet (6"" x 2-1/2"" x 3/8"")",1
,6236300,nugget,1
,6236400,whole apricot,1
,6236500,whole apricot with liquid,1
,6236600,whole pimiento,1
,6236700,whole,1
,6236800,"whole (2"" across)",1
,6236801,"whole, fresh (2"" across)",1
,6236900,whoopie pie,1
,6237000,small wine glass (3.5 fl oz),1
,6237100,wing,1
,6237200,wing,1
,6237300,wonton,1
,6237600,wedge,1
,6237700,3-ring pretzel,1
,6237800,1-ring pretzel,1
,6237900,portion (1/2 English muffin),1
,6238000,portion (1/2 acorn squash),1
,6238001,"squash (4"" across)",1
,6238002,squash,1
,6238200,breast,1
,6238300,breast,1
,6238800,breast with sauce,1
,6238801,chicken breast with sauce,1
,6239100,duck half,1
,6239101,duck,1
,6239200,duck half,1
,6239300,portion (1/2 extra large egg),1
,6239600,large breast,1
,6239700,large breast,1
,6239800,large breast,1
,6239900,large breast,1
,6240000,portion (1/2 large egg),1
,6240300,medium breast,1
,6240400,medium breast,1
,6240500,medium breast,1
,6240600,medium breast,1
,6240601,chicken breast,1
,6240602,medium chicken breast with sauce,1
,6240700,portion (1/2 medium egg),1
,6240800,portion (1/2 pepper with filling),1
,6240900,breast,1
,6241300,small breast,1
,6241400,small breast,1
,6241500,small breast,1
,6241600,small breast,1
,6242000,"portion (1/4 cup, about 59 pieces)",1
,6242001,"portion (1/4 cup, about 84 pieces)",1
,6242400,portion (10 Chiclets),1
,6242500,portion (10 Crispy Crowns),1
,6242600,portion (10 Mr. Phipps Pretzel Chips),1
,6242700,"Norwegian flatbread (4-3/4"" x 2-3/4"" x 1/16"")",1
,6243000,portion (10 nuts),1
,6243200,portion (10 beans),1
,6243300,"portion (10 beans, 4"" long)",1
,6243600,portion (10 bite-size pretzels),1
,6244000,portion (10 cherries),1
,6244100,portion (10 chips),1
,6244200,portion (10 combos),1
,6244300,portion (10 crinkle cuts),1
,6244400,portion (10 curls),1
,6245500,portion (10 chestnuts),1
,6246100,portion (10 nuts),1
,6246200,portion (10 nuts),1
,6246300,package (10 oz),1
,6246400,portion (10 pea pods),1
,6246800,"portion (10 pretzel sticks 2-1/2"" long x 1/8"" across)",1
,6246900,portion (10 puffs),1
,6247200,portion (10 rings),1
,6247300,portion (10 sections),1
,6247400,portion (10 shoestrings),1
,6247600,portion (10 slices),1
,6247900,portion (10 snowpeas),1
,6248100,portion (10 sprigs),1
,6248200,portion (10 steak cut/ wedges),1
,6248201,portion (10 steak cut/dinner fries),1
,6248400,portion (10 straight cuts),1
,6248500,portion (10 strips),1
,6248900,portion (10 strips),1
,6249000,portion (10 stuffed leaves),1
,6249100,portion (10 pecan halves),1
,6249300,portion (10 wedges),1
,6249400,portion (10 nuts),1
,6249500,"can (10.75 oz), ready-to-serve",1
,6249600,"can (19 oz), ready-to-serve",1
,6249700,portion (2 fritters with syrup),1
,6249800,portion (2 puffs),1
,6251100,portion (4 cubes),1
,6251700,portion (5 rinds),1
,6252200,portion (8 caps),1
,6252300,"grapefruit, juiced",1
,6252400,"lemon, juiced",1
,6252500,"juice of 1 lime (2"" across)",1
,6252501,"lime, juiced",1
,6252600,"orange, juiced",1
,6252700,"wedge, juiced",1
,6252701,juice of 1 wedge or slice,1
,6252800,"skin from large potato (3"" to 4-1/4"" across)",1
,6253200,"skin from medium potato (2-1/4"" to 3"" across)",1
,6253300,"skin from small potato (1-3/4"" to 2-1/4"" across)",1
,6253600,pork kidney,1
,6253700,lamb kidney,1
,6253800,veal kidney,1
,6254300,Weight Watchers Sandwich bar,1
,6254900,package (10 oz),1
,6256800,can (6 oz),1
,6259100,bar (1.6 oz),1
,6259900,bar (2.8 oz),1
,6261100,can (10.5 oz),1
,6274000,large egg yolk,1
,6274300,large egg white,1
,6277500,large piece,1
,6286200,regular (4 oz),1
,6286500,roll or bun,1
,6289200,snack size bar,1
,6289201,snack size bar (0.5 oz),1
,6289800,steak,1
,6302600,twist,1
,6316700,container (4 oz),1
,6338200,cupcake,1
,6338201,extra large cupcake,1
,6338300,"sausage (5"" long x 7/8"" across)",1
,6338400,Weight Watchers sandwich (3 oz),1
,6338600,Newman's Own pop and serve bag,1
,6338700,bottle (8 fl oz),1
,6338900,frankfurter,1
,6339000,piece (1.5 oz),1
,6339200,Lance Wafer,1
,6339900,Little Debbie,1
,6340000,Australian toaster biscuit,1
,6340100,Jack-in-the-Box Double Cheeseburger,1
,6340200,Healthy Choice meal (10 oz),1
,6340300,Weight Watchers meal (8.5 oz),1
,6340400,animal cookie,1
,6340500,Burger King slice,1
,6340600,individual Drake's pie,1
,6340700,Drake's twin-pack,1
,6340800,small Drake's coffee cake (2 oz),1
,6340900,twin-pack Drake's coffee cake (2.3 oz),1
,6341300,plain,1
,6341400,caramel flavor,1
,6341700,Jack-in-the-Box order,1
,6341800,medium fast food order,1
,6341900,large fast food order,1
,6342200,Hostess Grizzly Chomps Cake,1
,6342300,Jimmy Dean Flapstick,1
,6342400,bite size,1
,6342500,Nutri System bag (1.9 oz),1
,6342600,Pepperidge Farm Cookie,1
,6342700,Hostess Brownie Bites bag (2.2 oz),1
,6342800,Hostess Brownie Bites,1
,6343000,chimichanga,1
,6343100,regular order Jack-in-the-Box mini chimichangas (4 pieces),1
,6343200,large order Jack-in-the-Box mini chimichangas (6 pieces),1
,6343300,Banquet's Cookin' Bag (4.5 oz),1
,6343600,bar (2.25 oz),1
,6343700,bar or stick,1
,6343800,Arby's Sub,1
,6343900,Snackwell's,1
,6344000,Taco Bell Grande,1
,6344100,rectangle,1
,6344101,rectangle cracker,1
,6344300,slice or ring,1
,6344400,slice or ring with liquid,1
,6344500,small croissant,1
,6344600,medium croissant,1
,6344700,large croissant,1
,6344800,small head,1
,6345000,"small (2"" square, 2"" high)",1
,6345001,"small roll (2"" square, 2"" high)",1
,6345100,"thin slice (3-3/4"" x 5"" x 3/8"")",1
,6345200,"regular slice (3-3/4"" x 5"" x 1/2"")",1
,6345300,"thick slice (3-3/4"" x 5"" x 5/8"")",1
,6345400,grab-size bag,1
,6345401,grab-size bag (1.5 oz),1
,6345402,grab-size bag (1-3/4 oz),1
,6345403,grab-size bag (2.1 oz),1
,6345404,grab-size bag (2.3 oz),1
,6345500,"puff or cheese straw (5"" long)",1
,6345900,small spear,1
,6346000,"medium spear (5-1/4"" to 7"" long)",1
,6346100,"large spear (7-1/4"" to 8-1/2"" long)",1
,6346200,extra large spear,1
,6346300,spear tip,1
,6346600,small cupcake,1
,6346700,medium cupcake (1 oz),1
,6346701,medium cupcake (1.4 oz),1
,6346800,large cupcake,1
,6346900,small neck (from 11 to 13 lb turkey),1
,6347000,medium neck (from 14 to 18 lb turkey),1
,6347100,large neck (from 19 to 21 lb turkey),1
,6347200,medium lobster tail,1
,6347500,hot dog on bun,1
,6347700,Weight Watchers English Toffee Crunch Bar,1
,6347800,school milk carton (1/2 pint),1
,6347801,cup (school milk carton),1
,6347899,pint,1
,6347900,"small (6"" to 6-7/8"" long)",1
,6348100,Entenmann's muffin,1
,6348300,Hormel frankfurter,1
,6348600,foot long frankfurter on bun,1
,6348700,Keebler Club,1
,6348800,Lean Cuisine meal (11.75 oz),1
,6348900,Jenny's Cuisine meal (9.25 oz),1
,6349000,"extra small (less than 6"" long)",1
,6349100,Burger King order,1
,6349300,McDonald's order,1
,6349500,Hardee's order,1
,6350000,"Newton bar (2"" long, 1-1/2"" wide)",1
,6350100,"Newton bar (1-1/2"" long, 1-3/8"" wide)",1
,6350400,Tyson fillet,1
,6350500,fillet,1
,6350900,tender,1
,6351000,"portion (10 spirals, twists, curly fries)",1
,6351100,McDonald's biscuit,1
,6351200,Hardee's biscuit,1
,6351300,Toaster Strudel,1
,6351400,tater tot,1
,6351500,shaved slice,1
,6352000,Mistic bottle (11.1 fl oz),1
,6352100,"Idli (2-1/4"" across)",1
,6352200,"medium (7"" to 7-7/8"" long)",1
,6352300,"extra large (9"" or longer)",1
,6352400,"large (8"" to 8-7/8"" long)",1
,6352500,linear inch,1
,6352600,Campbell's can (16 oz),1
,6352601,"Campbell's can (16 oz), ready-to-serve",1
,6352602,"can (16 oz), ready-to-serve",1
,6352800,Haagen-Dazs bar (2.3 fl oz),1
,6352900,"can (15 oz), ready-to-serve",1
,6352901,Healthy Choice can (15 oz),1
,6353100,Health Valley Apricot Fruit Bar,1
,6353200,Health Valley Apple Raisin Jumbo Fruit Cookie,1
,6353300,bar (1.4 oz),1
,6353600,"fillet (5-1/4"" x 2"" x 3/8"")",1
,6353700,"croaker fillet (5"" x 2-1/2"" x 3/8"")",1
,6353800,"fillet (4-1/2"" x 2"" x 3/8"")",1
,6353900,"fillet (6-1/2"" x 2-1/2"" x 3/8"")",1
,6354000,drink box (8.45 fl oz),1
,6354100,package (3.52 oz),1
,6354120,package (3.5 oz.),1
,6354500,"spot fillet (5"" x 2"" x 3/8"")",1
,6354800,"fillet (4-1/2"" x 2-1/4"" x 3/8"")",1
,6354900,McDonald's cone,1
,6355000,McDonald's McMuffin,1
,6355100,single-serve cup (3 fl oz),1
,6355200,sundae (6 fl oz),1
,6355300,Girl Scout cookie,1
,6355400,serving (3 heaping teaspoons or 1 envelope),1
,6355500,serving (2-3 heaping teaspoons),1
,6355600,serving (4 tablespoons),1
,6355900,"chip, rippled, ruffled or crinkle cut",1
,6356000,"chip, regular",1
,6362300,sandwich cracker,1
,6366400,"medium carrot (6"" to 7"" long)",1
,6366500,"mini ear or cobette (2-1/2"" to 3"" long)",1
,6366800,can (14-3/4 oz),1
,6366900,can (15 oz),1
,6368300,Milky Way shake,1
,6368400,Roy Rogers shake,1
,6368600,large Burger King shake,1
,6368800,large Dairy Queen shake,1
,6369000,"small (6-3/8"" across)",1
,6369100,"medium (8-5/8"" across)",1
,6369200,"large (12-3/8"" across)",1
,6369300,"medium (4-1/4"" across)",1
,6369500,"medium cookie (1-3/4"" across)",1
,6369600,Ry Krisp wafer (triple cracker),1
,6369700,Wasa crispbread,1
,6370100,Snackwell's cookie,1
,6370300,Popeyes biscuit,1
,6370500,small drink (16 fl oz),1
,6370600,medium drink (22 fl oz),1
,6370700,large drink (32 fl oz),1
,6370800,extra large drink (44 fl oz),1
,6371500,Tasty-Klair pie,1
,6371700,"slice (3-1/2"" x 2"" x 3/4"")",1
,6372400,Gerber Zwieback toast,1
,6374100,Nabisco Chips Ahoy!,1
,6374500,"small (4"" long)",1
,6374600,"medium (4-1/2"" long)",1
,6374700,"large (5"" long)",1
,6375300,Hillshire Farm Lit'l Smokie,1
,6375500,McDonald's McGrilled sandwich,1
,6375700,Taco Bell 7 Layer burrito,1
,6375800,small fast food order (11 fl oz),1
,6375801,small fast food order,1
,6375900,medium fast food order (14 fl oz),1
,6375901,medium fast food order,1
,6377000,Better Cheddars,1
,6377100,Cheez-It,1
,6377200,Taco Bell Pintos 'N Cheese,1
,6377300,Ho Ho,1
,6377400,Ding Dong,1
,6377500,Little Debbie cookie,1
,6377600,McDonald's packet,1
,6377800,Kellogg's bar,1
,6377900,waffle,1
,6378000,Taco Bell burrito,1
,6378100,Taco Bell order,1
,6378200,Big Jerk,1
,6378300,Super Jerk,1
,6378400,Giant Jerk,1
,6378500,Slim Jim,1
,6379100,extra large slurpee (32 fl oz cup),1
,6379200,large slurpee (22 fl oz cup),1
,6379300,small slurpee (10 fl oz cup),1
,6379400,Town House,1
,6379500,Toasteds,1
,6379800,mini cupcake,1
,6380300,Kraft box,1
,6380400,Velveeta box,1
,6380600,snack size (3.5 oz),1
,6380700,"cake (2-3/4"" across, 3/4"" high)",1
,6380800,3-foot roll,1
,6380900,P.B. Fudgebutter,1
,6381000,Burger King cheeseburger,1
,6381100,Burger King hamburger,1
,6381200,Fundamiddles pouch,1
,6381300,Fundamiddle,1
,6382000,Popsicle Juice Jets bar (1.6 fl oz),1
,6382100,Chunks O' Fruti bar (3 fl oz),1
,6382200,Minute Maid Fruit Juicee bar (2-1/4 fl oz),1
,6382400,Wendy's Jr. Cheeseburger Deluxe,1
,6382500,"waffle (4-1/8"" across)",1
,6382700,Fal-Vor-Ice,1
,6382800,Kool-Aid Bursts bottle (6.75 fl oz),1
,6382900,"cup package (2.25 oz), prepared",1
,6383000,biscuit with gravy,1
,6383100,"whole round slice (1"" thick)",1
,6383200,small wedge,1
,6383300,medium wedge,1
,6383400,large wedge,1
,6383800,Welch's Fruit Juice bar (3 fl oz),1
,6383900,Wendy's Jr. Bacon Cheeseburger,1
,6384000,small steak/cutlet,1
,6384100,medium steak/cutlet,1
,6384200,large steak/cutlet,1
,6384300,small steak/cutlet,1
,6384400,medium steak/cutlet,1
,6384500,large steak/cutlet,1
,6384600,taco,1
,6384700,small/thin slice,1
,6384800,fun size box (4.23 fl oz),1
,6384900,Dole Fruit Juice Bar (1.75 fl oz),1
,6385000,"mini ""drummette""",1
,6385001,mini drumstick,1
,6385100,Snapple bottle (16 fl oz),1
,6385400,Viennetta slice,1
,6385600,Mini Snicker bar,1
,6385700,strawberry,1
,6385800,pineapple chunk,1
,6385900,Progresso can (16 oz),1
,6385901,"Progresso can (16 oz), ready-to-serve",1
,6386000,Taco Bell taco,1
,6386100,Arby's sandwich,1
,6386200,2 To Go,1
,6386201,king size bar,1
,6386202,king size bar (3.5 oz),1
,6386203,king size bar (4 oz),1
,6386300,bar,1
,6386400,can (24 oz),1
,6386500,Kentucky Fried Chicken biscuit,1
,6386600,Wendy's side salad,1
,6386601,Wendy's salad,1
,6386700,Wendy's garden salad,1
,6386800,Burger King salad,1
,6386900,Hardee's cheeseburger,1
,6387100,Little Debbie package (twin wrapped),1
,6387200,"piece (2"" long x 1-1/4"" across)",1
,6387600,Dunkaroos tray (1 oz),1
,6387700,Dunkaroo,1
,6387800,Arby's Super sandwich,1
,6387900,McDonald's sandwich,1
,6388100,Burger King Breakfast Buddy,1
,6388200,Burger King double cheeseburger,1
,6388300,Stouffer's meal (11.6 oz),1
,6388400,medium cone,1
,6388500,chicken breast with sauce and cheese,1
,6388600,chicken thigh with sauce and cheese,1
,6388700,medium ear,1
,6388900,fajita,1
,6389300,spice drop,1
,6389400,"small gumdrop (1/2"" across)",1
,6389500,"medium gumdrop (3/4"" across)",1
,6389600,"large gumdrop (1"" across)",1
,6389700,"jelly ring (1-1/4"" across)",1
,6389800,moon pie,1
,6390100,"portion (1/2 potato, frozen)",1
,6390101,ounce(s) frozen potatoes,1
,6390200,Fruit Booster,1
,6390500,small Cracker Jack box,1
,6390600,Crunch 'N Munch box,1
,6392200,Handi-Snack cheese container,1
,6392400,extra large (include Pillsbury Grands!),1
,6392500,Frookie,1
,6392600,spray,1
,6393300,6-foot long tape,1
,6393400,Snackwell's bar,1
,6393500,"crepe (6"" across)",1
,6393600,Vienna finger,1
,6393800,king size (2.6 oz),1
,6393900,king size package (4 sticks),1
,6394000,Healthy Choice bag,1
,6394100,Teddy Graham,1
,6395000,sandwich size muffin,1
,6395100,"large Belgian (6-3/4"" across x 1-1/8"" high)",1
,6395200,"small Belgian (3"" across x 1-1/8"" high)",1
,6395300,6 oz container,1
,6395400,Healthy Choice,1
,6395500,fennel bulb,1
,6395600,Lemon Cooler,1
,6395700,pull-n-peel stick,1
,6396000,Snapple can (11.5 fl oz),1
,6396400,Hostess 3-pack,1
,6396500,gum ball,1
,6396600,Keebler Rainbow Chips Deluxe,1
,6396900,baby pickle,1
,6397000,stacker,1
,6397100,Act II singles bag,1
,6397700,"extra large (9"" across)",1
,6397800,"medium cucumber (7"" long)",1
,6397900,maple bar,1
,6398000,small container (7.75 oz),1
,6398100,small can (3 oz),1
,6398101,small can (8 oz),1
,6398200,can (16 oz),1
,6398400,can (6 oz),1
,6398500,"mini baguette (about 9"" long)",1
,6398900,small or bite size,1
,6399100,"snack size stick (2-1/2"" long)",1
,6399300,sardine,1
,6399400,piece with broth,1
,6399500,Nibs pouch,1
,6399600,Nib,1
,6399700,Jolly Time bag,1
,6399900,bottle (20 fl oz),1
,6400000,individual school carton,1
,6400500,Greek olive,1
,6400600,"pupusa (5"" across)",1
,6400700,small fillet,1
,6400800,medium fillet,1
,6400900,large fillet,1
,6401000,"steak (6-3/4"" x 2-1/2"" x 1"")",1
,6401001,steak,1
,6401200,portion (10 waffle fries),1
,6401400,commercial smoothie (20 fl oz),1
,6401500,small appetizer size,1
,6401600,medium/entree,1
,6401700,cracker-size slice,1
,6402500,Dunkin' Donuts sandwich,1
,6402600,clementine,1
,6402700,"Subway Sub (6"" long)",1
,6402800,"Jerry's Sub (8"" long)",1
,6403000,Taco Bell tostada,1
,6403200,Lean Cuisine meal (10 oz),1
,6403300,Taco Bell gordita,1
,6403400,Taco Bell chalupa,1
,6403500,Carl's Jr. hamburger,1
,6403501,Carl's Jr. order,1
,6403900,bottle (9 fl oz),1
,6403901,bottle (3.3 oz),1
,6404000,Taco Bell salad,1
,6404100,Carl's Jr. sandwich,1
,6404200,Long John Silver's sandwich,1
,6404400,fast food kids' meal,1
,6404800,"plain packet, prepared",1
,6404900,"sugar/spice packet, prepared",1
,6405500,"jiggler (2"" square)",1
,6405600,"topping from 1 piece (1/8 of 12"" pizza)",1
,6405700,tube (2-1/4 oz),1
,6405800,portion (10 drops),1
,6405900,wedge (approx 1/4 of melon),1
,6406000,McDonald's carton,1
,6406100,Mexican pizza,1
,6406200,Jerry's Jr. Sub,1
,6406300,Taco Bell Enchirito,1
,6406400,bottle (16 fl oz),1
,6406500,jalapeno pepper,1
,6406700,Arby's small order,1
,6406800,Arby's medium order,1
,6406900,Arby's large order,1
,6407100,baby potato,1
,6407200,fillet,1
,6407201,fillet (4 oz),1
,6407202,fillet (6 oz),1
,6407300,grape tomato,1
,6407500,juice box or pouch (6.75 fl oz),1
,6407600,McDonald's Big N' Tasty,1
,6407800,elk steak,1
,6407900,Jack-in-the-Box hamburger,1
,6408100,General Mills bar,1
,6408200,wedge or slice,1
,6408300,gummy bear,1
,6408400,gummy fish,1
,6408500,gummy worm,1
,6408600,gummy dinosaur,1
,6408700,Cinnabon,1
,6408800,"piece (1/4 of 10"" flatbread)",1
,6408900,piece (1/12 of cake),1
,6409000,bottle (16.9 fl oz or 500 ml),1
,6409100,sports bottle (23.7 fl oz),1
,6409200,bar (2 oz),1
,6409300,McGriddles sandwich,1
,6409400,bottle (1 liter),1
,6409600,Arby's finger,1
,6409800,Swanson meal (14.75 oz),1
,6409900,Dairy Queen Sandwich,1
,6410100,Banquet meal (9.25 oz),1
,6410200,Swanson meal (11.75 oz),1
,6410300,Budget Gourmet (8.5 oz),1
,6410400,Banquet meal (6.75 oz),1
,6410500,Lean Cuisine meal (9.25 oz),1
,6410600,Swanson meal (16.5 oz),1
,6410700,Weight Watchers meal (10 oz),1
,6410800,Weight Watchers meal (9.5 oz),1
,6410900,Banquet meal (9.5 oz),1
,6411000,Marie Callender's dinner (14.5 oz),1
,6411100,Michelina's dinner (10 oz),1
,6411200,Stouffer's meal (8-7/8 oz),1
,6411300,Stouffer's dinner (14 oz),1
,6411400,Swanson dinner (12.75 oz),1
,6411500,Weight Watchers meal (9.25 oz),1
,6411600,Marie Callender's dinner (14 oz),1
,6411700,Stouffer's dinner (17 oz),1
,6411800,small Burger King shake,1
,6411900,medium Burger King shake,1
,6412000,small Dairy Queen shake,1
,6412100,medium Dairy Queen shake,1
,6412200,Marie Callender's dinner (16 oz),1
,6412300,Banquet meal (11 oz),1
,6412400,"pizza (11"" across)",1
,6412500,Chick-fil-A sandwich,1
,6412600,McDonald's burrito,1
,6412700,Weight Watchers meal (10.5 oz),1
,6412800,Uncle Ben's Rice Bowl (12 oz),1
,6412900,Subway cookie,1
,6413000,"small (approx 3-1/2"" across)",1
,6413100,"medium (approx 4"" across)",1
,6413200,"large (approx 4-1/2"" across)",1
,6413300,snack size container (0.8 oz),1
,6413600,Popeyes order,1
,6413700,KFC Potato Wedges,1
,6413800,100 calorie package,1
,6413900,small Blizzard (10 fl oz),1
,6414000,medium Blizzard (13 fl oz),1
,6414100,large Blizzard (19 fl oz),1
,6414200,regular McFlurry (12 fl oz),1
,6414300,large McFlurry (16 fl oz),1
,6414400,McDonald's kiddie cone,1
,6414500,medium fast food cone,1
,6414600,super snack bag (3.2 oz),1
,6414700,Jack-in-the-Box Breakfast Jack,1
,6415000,Fruit 2 O bottle (16 fl oz),1
,6415100,Fruit 2 O bottle (20 fl oz),1
,6415200,snack size bag (1.5 oz),1
,6415201,snack size bag (1.3 oz),1
,6415300,mini bag (1.3 oz),1
,6415301,mini bag (1.2 oz),1
,6415400,Pop Secret bag,1
,6415500,Chick-fil-A burrito,1
,6415600,Hardee's Hot Ham 'N' Cheese sandwich,1
,6415700,Hardee's Big Hot Ham 'N' Cheese sandwich,1
,6415800,"medium (2-2/3"" across)",1
,6415900,"extra large (3"" across)",1
,6416000,McDonald's child size shake (12 fl oz),1
,6416100,McDonald's small shake (16 fl oz),1
,6416200,McDonald's medium shake (21 fl oz),1
,6416300,McDonald's large shake (32 fl oz),1
,6416600,bar (1.3 oz),1
,6416800,"slice (1/8 of 14"" pizza)",1
,6416900,portion (1/2 small egg),1
,6417000,portion (1/2 jumbo egg),1
,6417100,packet dry mix with milk,1
,6417200,Smucker's Uncrustables sandwich,1
,6417700,Taco Bell Crunchwrap Supreme,1
,6417800,prepackaged bowl (0.6 oz),1
,6417900,prepackaged bowl (0.75 oz),1
,6418000,prepackaged bowl (0.9 oz),1
,6418100,prepackaged bowl (1 oz),1
,6418200,prepackaged bowl (1.125 oz),1
,6418300,prepackaged bowl (1.25 oz),1
,6418400,can (8.3 fl oz),1
,6419100,bag (1.3 oz),1
,6419200,"Subway Oven Roasted Chicken Sub (6 "" long)",1
,6419300,"Subway Sweet Onion Chicken Teriyaki Sub (6"" long)",1
,6419400,small patty (4-1/2 per pound of raw meat),1
,6419500,medium patty (3-1/2 per pound of raw meat),1
,6419600,large patty (2-1/2 per pound of raw meat),1
,6419700,quarter pound patty (4 per pound of raw meat),1
,6419800,ice cube,1
,6421900,McDonald's snack size salad,1
,6421901,McDonald's salad,1
,6422800,sandwich,1
,6423000,KFC Bowl,1
,6423500,prepackaged bowl,1
,6423501,prepackaged bowl (.7 oz),1
,6423502,prepackaged bowl (1 oz),1
,6425000,can (24 fl oz),1
,6425400,McDonald's Double 1/4- Pounder with Cheese,1
,6425500,Wendy's Baconator,1
,6427200,school personal size pizza,1
,6427300,small egg white,1
,6427400,medium egg white,1
,6427500,extra large egg white,1
,6427600,jumbo egg white,1
,6427700,small egg yolk,1
,6427800,medium egg yolk,1
,6427900,extra large egg yolk,1
,6428000,jumbo egg yolk,1
,6428300,McDonald's parfait,1
,6428900,scoop,1
,6429200,straw,1
,6433100,half smoke sausage,1
,6436100,breakfast link,1
,6436200,bun-size or griller link,1
,6437100,hot dog on bread,1
,6438100,"regular microwavable package, prepared",1
,6438200,"large microwavable package, prepared",1
,6438300,"regular microwavable tub, prepared",1
,6438400,"large microwavable tub, prepared",1
,6438600,small taco or tostada,1
,6438700,medium taco or tostada,1
,6438800,large taco or tostada,1
,6440100,taco salad,1
,6441400,small taquito,1
,6441500,medium taquito,1
,6441600,large taquito,1
,6443000,bottle (14 fl oz),1
,6443100,single serving box (17 fl oz),1
,6443200,single serving box (11 fl oz),1
,6444300,Kashi TLC cracker,1
,6445200,scoop,1
,6446100,small cod,1
,6446200,medium cod,1
,6446300,large cod,1
,6446600,bottle (13.5 fl oz),1
,6446700,bottle (22 fl oz),1
,6448200,Wendy's triple cheeseburger,1
,6448300,Hot Pockets Four Cheese Pizza,1
,6448700,Taco Bell quesadilla,1
,6449200,sandwich thin,1
,6450000,Special K Snack Cracker,1
,9000000,ounce,1
,9000001,ounce (10 nonpareils),1
,9000002,ounce (about 90 morsels),1
,9000003,"ounce, cooked",1
,9000004,stick (1 oz),1
,9100001,bar (1.4 oz),1
,9100002,bar (1.65 oz),1
,9100003,bar (1.8 oz),1
,9100004,bar (2.1 oz),1
,9100005,bar (2.5 oz),1
,9110000,big cup,1
,9111000,bottle,1
,9111100,chip,1
,9200000,cup,1
,9200001,cup (8 fl oz),1
,9220000,extra large,1
,9222000,fun size package,1
,9222200,giant,1
,9300000,large,1
,9330000,"large ring (3"" - 4"" across)",1
,9333000,Mallo Cup,1
,9333300,medium,1
,9400000,"medium ring (2"" - 3"" across)",1
,9440000,minis bar,1
,9444000,mug (8 fl oz),1
,9444400,Nabisco Lorna Doone,1
,9500000,ounce,1
,9500001,ounce (about 11 chips),1
,9500002,ounce (about 14 chips),1
,9500003,ounce (about 15 chips),1
,9500004,ounce (about 16 chips),1
,9500005,ounce (about 17 chips),1
,9500006,ounce (about 20 chips),1
,9500007,ounce (about 30 chips),1
,9500008,ounce (about 56 morsels),1
,9550000,"ounce cooked, no bone",1
,9550001,"ounce, cooked",1
,9555000,package (1.6 oz),1
,9555001,"package (2 cups, 1.5 oz)",1
,9555002,package (2.2 oz),1
,9555500,packet (1.5 oz),1
,9600000,piece (1/10 of loaf),1
,9600001,piece (1/12 of bundt cake),1
,9600002,"piece (1/4 of 12"" injera)",1
,9600003,"piece (1/6 of 8"" pie)",1
,9600004,"piece (1/6 of 9"" pie)",1
,9600005,piece (1/6 of whole),1
,9600006,"piece (1/9 of 8"" square)",1
,9660000,"portion (1/4 cup, 2 oz)",1
,9660001,"portion (1/4 cup, about 40 raisins)",1
,9660002,"portion (1/4 cup, about 47 raisins)",1
,9660003,"portion (1/8 of 9"" pie shell)",1
,9660004,"portion (20 pieces, candy corn)",1
,9666000,"roll (1.1 oz, 14 pieces), Life Savers",1
,9666600,"slice (1/8 of 12"" pizza)",1
,9666601,slice,1
,9666602,"slice (1/8 of 13"" pizza)",1
,9666603,"slice (1/8 of 14"" pie)",1
,9666604,"slice (1/8 of 14"" pizza)",1
,9666605,"slice (1/8 of 15"" pizza)",1
,9666606,"slice (1/8 of 16"" pizza)",1
,9700000,small,1
,9770000,"small ring (1"" - 2"" across)",1
,9777000,sprig,1
,9777700,standard wine glass (5 fl oz),1
,9800000,tablespoon,1
,9800001,"tablespoon, flakes",1
,9800002,"tablespoon, granules",1
,9800003,"tablespoon, hulled",1
,9800004,"tablespoon, sno caps",1
,9880000,teaspoon,1
,9880001,teaspoon Butter Buds,1
,9880002,teaspoon Molly McButter,1
,9900000,cube,1
,9900001,WC portion,1
,9999900,tablespoon,1
,9999901,root,1
,9999902,head,1
,9999903,"head, medium",1
,9999904,bunch,1
,9999999,portion,1
